event_id,event_date,event_year,event_month,event_day_of_year,country_name,country_code,admin_division_name,state_normalized,is_ner,latitude,longitude,landslide_category,landslide_trigger,landslide_size,landslide_setting,fatality_count,injury_count,event_title,location_description
35,2007-03-12 00:00:00,2007,3,71,India,IN,Kashmir,Jammu and Kashmir,False,34.0935,74.9112,landslide,rain,medium,unknown,2.0,,Jammu-Srinagar highway,Jammu-Srinagar highway
37,2007-03-19 00:00:00,2007,3,78,India,IN,Kashmir,Jammu and Kashmir,False,33.8778,74.3333,landslide,rain,medium,unknown,2.0,,Doba,Doba
43,2007-03-23 00:00:00,2007,3,82,India,IN,Kashmir,Jammu and Kashmir,False,33.9659,74.3313,landslide,downpour,medium,unknown,10.0,,"Doba Sayedan, Kashmir","Doba Sayedan, Kashmir"
57,2007-04-11 00:00:00,2007,4,101,India,IN,,Unknown,False,27.4459,88.6193,landslide,downpour,medium,unknown,,,"Sikkim, 13 km north of Gangtok","Sikkim, 13 km north of Gangtok"
73,2007-05-08 00:00:00,2007,5,128,India,IN,Kashmir,Jammu and Kashmir,False,33.242,75.231,landslide,rain,medium,unknown,,,"Jammu-Srinagar hwy, Samarouli in Ramban district","Jammu-Srinagar hwy, Samarouli in Ramban district"
78,2007-05-23 00:00:00,2007,5,143,India,IN,Sikkim,Sikkim,True,27.3383,88.6069,landslide,rain,medium,unknown,,,"Pangthang, on road b/t Gangtok and North Sikkim","Pangthang, on road b/t Gangtok and North Sikkim"
93,2007-06-13 00:00:00,2007,6,164,India,IN,Bengal,West Bengal,False,26.7324,88.4089,landslide,rain,small,unknown,,,"Indira Bypass, Amdo Golai","Indira Bypass, Amdo Golai"
94,2007-06-15 00:00:00,2007,6,166,India,IN,Bengal,West Bengal,False,26.8096,88.526,landslide,rain,medium,unknown,,,National Highway 31A at Sevoke,National Highway 31A at Sevoke
103,2007-06-25 00:00:00,2007,6,176,India,IN,Andhra Pradesh,Andhra Pradesh,False,14.4702,78.8205,landslide,rain,medium,unknown,,,Cuddappa,Cuddappa
102,2007-06-25 00:00:00,2007,6,176,India,IN,Andhra Pradesh,Andhra Pradesh,False,15.8294,78.0501,landslide,rain,medium,unknown,,,Kurnool,Kurnool
98,2007-06-25 00:00:00,2007,6,176,India,IN,Andhra Pradesh,Andhra Pradesh,False,18.431,79.1492,landslide,rain,medium,unknown,10.0,,Karimnagar,Karimnagar
99,2007-06-25 00:00:00,2007,6,176,India,IN,Maharashtra,Maharashtra,False,19.0298,72.9104,landslide,rain,medium,unknown,2.0,,Mumbai,Mumbai
100,2007-06-25 00:00:00,2007,6,176,India,IN,Kerala,Kerala,False,11.2738,75.8275,landslide,rain,medium,unknown,,,Kozhikode,Kozhikode
97,2007-06-25 00:00:00,2007,6,176,India,IN,Maharashtra,Maharashtra,False,16.9648,73.5189,landslide,rain,medium,unknown,18.0,,Ratnagiri,Ratnagiri
101,2007-06-25 00:00:00,2007,6,176,India,IN,Kerala,Kerala,False,11.7095,76.074,landslide,monsoon,large,unknown,4.0,,Wayanad,Wayanad
104,2007-06-25 00:00:00,2007,6,176,India,IN,Andhra Pradesh,Andhra Pradesh,False,16.6252,80.6128,landslide,rain,medium,unknown,,,Prakasam,Prakasam
111,2007-07-02 00:00:00,2007,7,183,India,IN,Kashmir,Jammu and Kashmir,False,33.2443135,75.22742083,landslide,downpour,medium,unknown,,,Jammu-Srinagar highway between Ramban and Srinagar,Jammu-Srinagar highway between Ramban and Srinagar
126,2007-07-16 00:00:00,2007,7,197,India,IN,Sikkim,Sikkim,True,27.1499,88.38,mudslide,rain,medium,unknown,,,Bardang near Singtam,Bardang near Singtam
130,2007-07-19 00:00:00,2007,7,200,India,IN,Assam,Assam,True,26.1699,91.7986,landslide,rain,medium,unknown,6.0,,Guwahati,Guwahati
131,2007-07-20 00:00:00,2007,7,201,India,IN,Kerala,Kerala,False,11.855,75.361,landslide,downpour,medium,unknown,,,4 locations in the Kannur district,4 locations in the Kannur district
133,2007-07-21 00:00:00,2007,7,202,India,IN,Bengal,West Bengal,False,23.9304,88.2374,landslide,rain,medium,unknown,1.0,,Beldanga,Beldanga
141,2007-07-26 00:00:00,2007,7,207,India,IN,Meghālaya,Meghalaya,True,25.38,91.88,landslide,rain,medium,unknown,,,Singtam,Singtam
142,2007-07-27 00:00:00,2007,7,208,India,IN,Meghālaya,Meghalaya,True,25.5212,90.232,rock_fall,rain,large,unknown,8.0,,Tura,Tura
143,2007-07-28 00:00:00,2007,7,209,India,IN,Goa,Goa,False,15.4014,73.8277,landslide,rain,medium,unknown,,,Vasco,Vasco
150,2007-07-30 00:00:00,2007,7,211,India,IN,Uttarakhand,Uttarakhand,False,30.4,79.349,landslide,downpour,medium,unknown,,,Chamoli,Chamoli
147,2007-07-30 00:00:00,2007,7,211,India,IN,Mizoram,Mizoram,True,22.533,92.899,landslide,downpour,medium,unknown,,,Lawngtlai,Lawngtlai
146,2007-07-30 00:00:00,2007,7,211,India,IN,Uttarakhand,Uttarakhand,False,30.733,78.439,landslide,downpour,medium,unknown,2.0,,Uttarkashi district,Uttarkashi district
149,2007-07-30 00:00:00,2007,7,211,India,IN,Uttarakhand,Uttarakhand,False,30.557,79.56,landslide,downpour,medium,unknown,,,Joshimath,Joshimath
148,2007-07-30 00:00:00,2007,7,211,India,IN,Mizoram,Mizoram,True,22.479,92.967,landslide,downpour,medium,unknown,,,Saiha,Saiha
151,2007-08-02 00:00:00,2007,8,214,India,IN,Bengal,West Bengal,False,26.8905,88.2789,mudslide,rain,medium,unknown,3.0,,Kurseong,Kurseong
157,2007-08-06 00:00:00,2007,8,218,India,IN,Kashmir,Jammu and Kashmir,False,33.2451,75.2257,landslide,rain,medium,unknown,,,"Srinagar-Jammu Highway, Rāmban District","Srinagar-Jammu Highway, Rāmban District"
162,2007-08-07 00:00:00,2007,8,219,India,IN,Goa,Goa,False,15.0296,74.0253,landslide,rain,medium,unknown,,,Canacona,Canacona
166,2007-08-09 00:00:00,2007,8,221,India,IN,Karnataka,Karnataka,False,12.8733,74.8481,landslide,rain,medium,unknown,,,Mangalore,Mangalore
173,2007-08-11 00:00:00,2007,8,223,India,IN,Uttarakhand,Uttarakhand,False,30.0702,78.3027,landslide,rain,medium,unknown,,,Rishikesh,Rishikesh
177,2007-08-12 00:00:00,2007,8,224,India,IN,Himachal Pradesh,Himachal Pradesh,False,32.7334,77.5914,landslide,rain,medium,unknown,11.0,,"Himachal Pradesh, all over","Himachal Pradesh, all over"
178,2007-08-12 00:00:00,2007,8,224,India,IN,Himachal Pradesh,Himachal Pradesh,False,32.0985,76.2665,landslide,rain,large,unknown,2.0,,Kangra,Kangra
181,2007-08-13 00:00:00,2007,8,225,India,IN,Andhra Pradesh,Andhra Pradesh,False,17.3895,78.499,landslide,rain,medium,unknown,,,Koti railway station,Koti railway station
183,2007-08-14 00:00:00,2007,8,226,India,IN,Rajasthan,Rajasthan,False,26.2208,73.6106,complex,downpour,very_large,unknown,52.0,,"Himachal Pradesh, Shimla district, Ghanvi village","Himachal Pradesh, Shimla district, Ghanvi village"
210,2007-08-25 00:00:00,2007,8,237,India,IN,Bengal,West Bengal,False,27.0713,88.4308,landslide,rain,medium,unknown,,,"Hattisurey in Kalimpong, on National Highway 31A","Hattisurey in Kalimpong, on National Highway 31A"
213,2007-08-26 00:00:00,2007,8,238,India,IN,Assam,Assam,True,25.2946,92.8339,landslide,rain,medium,unknown,,,Shillong Road at Kuliang in the Jaintia Hills,Shillong Road at Kuliang in the Jaintia Hills
212,2007-08-26 00:00:00,2007,8,238,India,IN,Meghālaya,Meghalaya,True,25.5576,91.8506,complex,rain,medium,unknown,,,National Highway No 44 at Sonarpur in Meghalaya,National Highway No 44 at Sonarpur in Meghalaya
211,2007-08-26 00:00:00,2007,8,238,India,IN,Manipur,Manipur,True,24.9667,93.55,mudslide,continuous_rain,medium,unknown,1.0,,Tamenglong,Tamenglong
215,2007-08-28 00:00:00,2007,8,240,India,IN,Nāgāland,Nagaland,True,25.7428,93.9136,landslide,rain,medium,unknown,1.0,,Phesema area at National Highway 39,Phesema area at National Highway 39
218,2007-08-29 00:00:00,2007,8,241,India,IN,Bengal,West Bengal,False,27.0096,88.2548,landslide,rain,medium,unknown,,,"Ghayabari-Tindharia on National Highway 55, near Darjeeling hills","Ghayabari-Tindharia on National Highway 55, near Darjeeling hills"
221,2007-08-31 00:00:00,2007,8,243,India,IN,Bengal,West Bengal,False,22.6461,88.3403,landslide,rain,medium,unknown,,,between Bally Halt and Rajchandrapur stations in Kolkata,between Bally Halt and Rajchandrapur stations in Kolkata
220,2007-08-31 00:00:00,2007,8,243,India,IN,Manipur,Manipur,True,25.1333,93.9667,landslide,rain,medium,unknown,,,"Velnal village, Tamei sub-division and Toribari village (3 kilometer toward Tamei from Kangpokpi)","Velnal village, Tamei sub-division and Toribari village (3 kilometer toward Tamei from Kangpokpi)"
222,2007-09-01 00:00:00,2007,9,244,India,IN,Maharashtra,Maharashtra,False,17.2634,73.5446,landslide,rain,medium,unknown,1.0,,Maharashta on Konkan Railway between Nivsur and Ratnagiri,Maharashta on Konkan Railway between Nivsur and Ratnagiri
234,2007-09-05 00:00:00,2007,9,248,India,IN,Kashmir,Jammu and Kashmir,False,33.1662,75.3098,landslide,rain,medium,unknown,,,Panthal in Jammu’s Ramban district on Srinagar-Jammu Highway,Panthal in Jammu’s Ramban district on Srinagar-Jammu Highway
231,2007-09-05 00:00:00,2007,9,248,India,IN,Bengal,West Bengal,False,27.06826195,88.28121204,landslide,rain,medium,unknown,15.0,,Darjeeling Hills (Lebong - 10 km from Darjeeling,Darjeeling Hills (Lebong - 10 km from Darjeeling
237,2007-09-06 00:00:00,2007,9,249,India,IN,Uttarakhand,Uttarakhand,False,29.5833,80.2167,landslide,rain,large,unknown,,,Pithoragarh,Pithoragarh
240,2007-09-07 00:00:00,2007,9,250,India,IN,Goa,Goa,False,15.5063,73.8362,landslide,rain,medium,unknown,8.0,,"NH-17, Panaji to Mapusa on Old Mandovi bridge, Goa","NH-17, Panaji to Mapusa on Old Mandovi bridge, Goa"
241,2007-09-07 00:00:00,2007,9,250,India,IN,,Unknown,False,27.201,88.4883,landslide,rain,large,unknown,,,"National Highway 31A between Rangpo and Tarkhola, in East Sikkim","National Highway 31A between Rangpo and Tarkhola, in East Sikkim"
242,2007-09-07 00:00:00,2007,9,250,India,IN,Bengal,West Bengal,False,26.8833,88.2833,landslide,rain,medium,unknown,,,"Darjeeling Hills, multiple villages in area (Kurseong, Kalimpong, Bhalukopa, Kukhleinkhani)","Darjeeling Hills, multiple villages in area (Kurseong, Kalimpong, Bhalukopa, Kukhleinkhani)"
247,2007-09-08 00:00:00,2007,9,251,India,IN,Manipur,Manipur,True,25.0604,93.9877,landslide,rain,medium,unknown,,,"Lower Shajouba village near Tadubi along NH 39, Manipur ","Lower Shajouba village near Tadubi along NH 39, Manipur "
252,2007-09-09 00:00:00,2007,9,252,India,IN,Nāgāland,Nagaland,True,25.4993,94.1192,landslide,rain,medium,unknown,,,"Mao in Manipur, Phipema and Chunikhudima in Nagaland","Mao in Manipur, Phipema and Chunikhudima in Nagaland"
251,2007-09-09 00:00:00,2007,9,252,India,IN,Sikkim,Sikkim,True,27.1667,88.35,landslide,rain,medium,unknown,1.0,,Hingdam village in South Sikkim,Hingdam village in South Sikkim
256,2007-09-10 00:00:00,2007,9,253,India,IN,Sikkim,Sikkim,True,27.3425,88.6236,landslide,rain,medium,unknown,,,Rhodong village near Rhey in East Sikkim,Rhodong village near Rhey in East Sikkim
255,2007-09-10 00:00:00,2007,9,253,India,IN,Manipur,Manipur,True,24.2451,94.0691,landslide,rain,medium,unknown,,,Wamkhu village along the Tengnoupal-Joupi road in Chandel district,Wamkhu village along the Tengnoupal-Joupi road in Chandel district
259,2007-09-11 00:00:00,2007,9,254,India,IN,Meghālaya,Meghalaya,True,25.52,91.27,landslide,rain,medium,unknown,,,"Assam-Agartala National Highway, Sonarpur in Jayantiya hills of Meghalaya","Assam-Agartala National Highway, Sonarpur in Jayantiya hills of Meghalaya"
260,2007-09-11 00:00:00,2007,9,254,India,IN,,Unknown,False,27.2084,88.4909,debris_flow,rain,medium,unknown,,,"National Highway 31A, between Singtam and Rangpo","National Highway 31A, between Singtam and Rangpo"
258,2007-09-11 00:00:00,2007,9,254,India,IN,Manipur,Manipur,True,24.4279,94.0564,landslide,rain,medium,unknown,3.0,,"NH-39 at Imphal-Moreh section, Lokchao largest event","NH-39 at Imphal-Moreh section, Lokchao largest event"
264,2007-09-13 00:00:00,2007,9,256,India,IN,Assam,Assam,True,26.1833,91.8,landslide,rain,medium,unknown,,,Guwahati,Guwahati
269,2007-09-18 00:00:00,2007,9,261,India,IN,Sikkim,Sikkim,True,27.2872,88.2816,landslide,rain,medium,unknown,,,Geyzing-Jorethang road and Naya Bazar-Legship road,Geyzing-Jorethang road and Naya Bazar-Legship road
274,2007-09-20 00:00:00,2007,9,263,India,IN,Bengal,West Bengal,False,27.0875,88.4572,landslide,rain,medium,unknown,,,"Multiple places along 31A, Tarkhola area in Kalimpong district and Sevoke in WB","Multiple places along 31A, Tarkhola area in Kalimpong district and Sevoke in WB"
279,2007-09-23 00:00:00,2007,9,266,India,IN,Orissa,Orissa,False,21.464,83.9462,landslide,rain,medium,unknown,,,"NH6, Sambalpur town before Mahanadi bridge","NH6, Sambalpur town before Mahanadi bridge"
285,2007-09-29 00:00:00,2007,9,272,India,IN,Mizoram,Mizoram,True,24.1293,92.6921,landslide,rain,medium,unknown,,,"National Highway, 45 Aizwal (Mizoram)","National Highway, 45 Aizwal (Mizoram)"
313,2007-10-16 00:00:00,2007,10,289,India,IN,Nāgāland,Nagaland,True,25.7055,94.0132,landslide,rain,large,unknown,,,"NH-39 at Piphema,  6 km towards Dimapur from Kohima in Nagaland","NH-39 at Piphema,  6 km towards Dimapur from Kohima in Nagaland"
319,2007-10-19 00:00:00,2007,10,292,India,IN,Nāgāland,Nagaland,True,25.4379,94.1162,landslide,rain,medium,unknown,,,"Maram-Purul Road, Karong Assembly Constituency of Senapati district, Manipur","Maram-Purul Road, Karong Assembly Constituency of Senapati district, Manipur"
322,2007-10-21 00:00:00,2007,10,294,India,IN,Assam,Assam,True,24.75,93.4333,landslide,rain,medium,unknown,,,National Highway 53 at Nungba in Tamenglong district of Manipur,National Highway 53 at Nungba in Tamenglong district of Manipur
324,2007-10-25 00:00:00,2007,10,298,India,IN,Tamil Nādu,Tamil Nadu,False,11.7792,78.2034,landslide,rain,medium,unknown,1.0,,Salem - Yercaud ghat road,Salem - Yercaud ghat road
326,2007-10-26 00:00:00,2007,10,299,India,IN,Tamil Nadu,Tamil Nadu,False,11.4046,76.6953,landslide,rain,large,unknown,,,"Nilgiri, Nondimedu on the Ooty-Coonoor road","Nilgiri, Nondimedu on the Ooty-Coonoor road"
336,2007-10-30 00:00:00,2007,10,303,India,IN,Tamil Nadu,Tamil Nadu,False,11.2777,77.1236,landslide,rain,medium,unknown,2.0,,"bridge between Coonoor and Barliar, Tamil Nadu","bridge between Coonoor and Barliar, Tamil Nadu"
395,2007-12-16 00:00:00,2007,12,350,India,IN,Kashmir,Jammu and Kashmir,False,34.93977198,76.83270934,landslide,rain,medium,unknown,13.0,6.0,2 Soldiers Killed,"Thang Bridge 10 km from Turtuk, Leh, Jammu and Kashmir"
410,2008-01-06 00:00:00,2008,1,6,India,IN,Kashmir,Jammu and Kashmir,False,33.1517,75.5464,landslide,rain,medium,unknown,1.0,,"Kandi Canal Project, Gandoh area, Doda district, Kashmir","Kandi Canal Project, Gandoh area, Doda district, Kashmir"
416,2008-01-07 00:00:00,2008,1,7,India,IN,Kashmir,Jammu and Kashmir,False,33.4341,75.1923,landslide,rain,medium,unknown,,,"between Banihal and Batote, Udhampur, National Highway, Jammu","between Banihal and Batote, Udhampur, National Highway, Jammu"
419,2008-01-09 00:00:00,2008,1,9,India,IN,Kashmir,Jammu and Kashmir,False,33.23738085,75.24528226,landslide,rain,medium,unknown,,,"Panthihal near Ramban,  Srinagar-Jammu highway","Panthihal near Ramban,  Srinagar-Jammu highway"
428,2008-01-16 00:00:00,2008,1,16,India,IN,Kashmir,Jammu and Kashmir,False,33.2537,75.2006,landslide,snowfall_snowmelt,medium,unknown,,,"Panthihal, Srinagar-Jammu highway","Panthihal, Srinagar-Jammu highway"
443,2008-02-03 00:00:00,2008,2,34,India,IN,Kashmir,Jammu and Kashmir,False,33.33280503,75.21320384,landslide,downpour,medium,above_road,,,Landslides stop traffic,along Sringar Jammu highway between Panthial and Nachlana
448,2008-02-08 00:00:00,2008,2,39,India,IN,Karnātaka,Karnātaka,False,12.9752,77.6092,landslide,rain,medium,unknown,,,Kodaikanal,Kodaikanal
451,2008-02-13 00:00:00,2008,2,44,India,IN,Tamil Nadu,Tamil Nadu,False,11.3484,76.7937,landslide,rain,medium,unknown,,,Alwarpet in Coonoor,Alwarpet in Coonoor
452,2008-02-13 00:00:00,2008,2,44,India,IN,Kashmir,Jammu and Kashmir,False,33.2418,75.242,landslide,rain,medium,unknown,,,"Ramban, near Sringar-Jammu highway","Ramban, near Sringar-Jammu highway"
481,2008-03-17 00:00:00,2008,3,77,India,IN,Himachal Pradesh,Himachal Pradesh,False,32.2862,77.1613,landslide,snowfall_snowmelt,medium,unknown,25.0,,"Nehrukund in Manali, Himachal Pradesh","Nehrukund in Manali, Himachal Pradesh"
488,2008-03-30 00:00:00,2008,3,90,India,IN,Kashmir,Jammu and Kashmir,False,34.219,77.2665,landslide,rain,medium,unknown,2.0,,Biama area of Khalsi tehsil in Leh district,Biama area of Khalsi tehsil in Leh district
492,2008-04-05 00:00:00,2008,4,96,India,IN,Kashmir,Jammu and Kashmir,False,33.9337,74.9985,landslide,rain,medium,unknown,,,"Panthial, 170 kilometres from Jammu, Jammu-Srinagar highway","Panthial, 170 kilometres from Jammu, Jammu-Srinagar highway"
516,2008-05-01 00:00:00,2008,5,122,India,IN,Kashmir,Jammu and Kashmir,False,33.1463,75.7454,complex,unknown,medium,unknown,12.0,,"Kishtwar-Chatroo road, Kishtwar region of Jammu and Kashmir","Kishtwar-Chatroo road, Kishtwar region of Jammu and Kashmir"
523,2008-05-05 00:00:00,2008,5,126,India,IN,Kashmir,Jammu and Kashmir,False,33.9513,74.9845,landslide,downpour,medium,unknown,,,Srinagar-Leh highway at Gomri,Srinagar-Leh highway at Gomri
540,2008-05-18 00:00:00,2008,5,139,India,IN,Orissa,Orissa,False,19.5178,83.1809,landslide,mining,medium,unknown,5.0,,"Kalahandi district of Orissa, Depur village","Kalahandi district of Orissa, Depur village"
545,2008-05-20 00:00:00,2008,5,141,India,IN,Assam,Assam,True,24.9849,92.8411,mudslide,mining,medium,unknown,5.0,,"A Cachar District village, near village of Srinager, Assam","A Cachar District village, near village of Srinager, Assam"
554,2008-05-28 00:00:00,2008,5,149,India,IN,Kerala,Kerala,False,9.7327,76.8403,landslide,downpour,medium,unknown,,,"Periyanmala, Kottayam district, Kerala, India","Periyanmala, Kottayam district, Kerala, India"
568,2008-06-03 00:00:00,2008,6,155,India,IN,Himachal Pradesh,Himachal Pradesh,False,31.2077,77.193,landslide,rain,medium,unknown,,,Hindustan-Tibet National Highway near Matiana village,Hindustan-Tibet National Highway near Matiana village
571,2008-06-06 00:00:00,2008,6,158,India,IN,Goa,Goa,False,15.3925,73.8377,landslide,rain,medium,unknown,,,"Jetty, Desterovaddo, Bharatline-Tarivaddo and Harbour, Vasco, Goa","Jetty, Desterovaddo, Bharatline-Tarivaddo and Harbour, Vasco, Goa"
580,2008-06-09 00:00:00,2008,6,161,India,IN,Manipur,Manipur,True,24.6596,93.9784,landslide,monsoon,medium,unknown,,,"near Kuloor church, in Manipur along National Highway","near Kuloor church, in Manipur along National Highway"
585,2008-06-14 00:00:00,2008,6,166,India,IN,Arunāchal Pradesh,Arunachal Pradesh,True,27.0998,93.6287,landslide,rain,large,unknown,21.0,,"Itanagar-Naharlagun, Arunachal Pradesh","Itanagar-Naharlagun, Arunachal Pradesh"
588,2008-06-15 00:00:00,2008,6,167,India,IN,Kashmir,Jammu and Kashmir,False,32.5659,75.0944,landslide,rain,medium,unknown,,,"Charan Padika, Jammu","Charan Padika, Jammu"
587,2008-06-15 00:00:00,2008,6,167,India,IN,Assam,Assam,True,27.2298,94.0989,landslide,downpour,medium,unknown,17.0,,"Lakhimpur district, Bihpuria, Assam","Lakhimpur district, Bihpuria, Assam"
592,2008-06-18 00:00:00,2008,6,170,India,IN,Himachal Pradesh,Himachal Pradesh,False,32.3712,77.2466,landslide,rain,medium,unknown,,,"Manali-Leh road, Gulaba near Rohtang Pass","Manali-Leh road, Gulaba near Rohtang Pass"
594,2008-06-19 00:00:00,2008,6,171,India,IN,Manipur,Manipur,True,24.9336,93.8275,mudslide,monsoon,medium,unknown,,,"Namkaoluang village, Tamenglong-Sangrung (Khongsang) road, NH-53, Manipur","Namkaoluang village, Tamenglong-Sangrung (Khongsang) road, NH-53, Manipur"
595,2008-06-20 00:00:00,2008,6,172,India,IN,Bengal,West Bengal,False,26.885,88.2778,landslide,rain,medium,unknown,,,Kurseong sub division,Kurseong sub division
609,2008-06-25 00:00:00,2008,6,177,India,IN,Tamil Nadu,Tamil Nadu,False,11.41,76.69,landslide,downpour,medium,unknown,,,Udhagamandalam,Udhagamandalam
614,2008-06-29 00:00:00,2008,6,181,India,IN,Bengal,West Bengal,False,26.89,88.28,landslide,unknown,medium,unknown,,,"Kurseong sub division, Mamring","Kurseong sub division, Mamring"
620,2008-06-30 00:00:00,2008,6,182,India,IN,Bengal,West Bengal,False,27.0771,88.482,landslide,downpour,medium,unknown,,,Kalimpong,Kalimpong
653,2008-07-18 00:00:00,2008,7,200,India,IN,Uttarakhand,Uttarakhand,False,29.33,80.1,landslide,rain,medium,unknown,14.0,,Sukhidhang area of Champawat district in Uttarakhand ,Sukhidhang area of Champawat district in Uttarakhand 
692,2008-08-07 00:00:00,2008,8,220,India,IN,Nāgāland,Nagaland,True,25.705,94.04,landslide,downpour,medium,unknown,,,"National Highway-39, Dimapur-Imphal road and another under Kiphire district of Nagaland","National Highway-39, Dimapur-Imphal road and another under Kiphire district of Nagaland"
697,2008-08-08 00:00:00,2008,8,221,India,IN,Himachal Pradesh,Himachal Pradesh,False,31.13,77.09,landslide,rain,medium,unknown,,,"Barog, Shimla; Chandigarh-Shimla national highway","Barog, Shimla; Chandigarh-Shimla national highway"
703,2008-08-09 00:00:00,2008,8,222,India,IN,Goa,Goa,False,15.15,74.11,landslide,rain,medium,unknown,,,"Goa-Karnataka link, near Dudhsagar waterfall","Goa-Karnataka link, near Dudhsagar waterfall"
706,2008-08-10 00:00:00,2008,8,223,India,IN,Rajasthan,Rajasthan,False,25.08,75.72,landslide,rain,medium,unknown,2.0,,"Gaiparnath Mahadev temple, foothills of Chambal ravines","Gaiparnath Mahadev temple, foothills of Chambal ravines"
705,2008-08-10 00:00:00,2008,8,223,India,IN,Maharashtra,Maharashtra,False,18.72,73.47,landslide,rain,medium,unknown,,,"Monkey Hill and Khandala, Maharashtra","Monkey Hill and Khandala, Maharashtra"
704,2008-08-10 00:00:00,2008,8,223,India,IN,Karnataka,Karnataka,False,12.6445,75.605,landslide,downpour,medium,unknown,,,Edakumeri near Subrahmanya,Edakumeri near Subrahmanya
709,2008-08-12 00:00:00,2008,8,225,India,IN,Karnataka,Karnataka,False,12.845,75.66,landslide,rain,medium,unknown,,,Yedakumeri-Shiribagilu in the Hassan-Mangalore section of the line.,Yedakumeri-Shiribagilu in the Hassan-Mangalore section of the line.
711,2008-08-12 00:00:00,2008,8,225,India,IN,Karnataka,Karnataka,False,14.229,74.8122,mudslide,rain,small,unknown,,,"Jog Falls, Karnataka","Jog Falls, Karnataka"
710,2008-08-12 23:00:00,2008,8,225,India,IN,Karnataka,Karnataka,False,13.986,75.452,landslide,downpour,large,unknown,,,"Ayanur near Neriya, Karnataka","Ayanur near Neriya, Karnataka"
714,2008-08-14 00:00:00,2008,8,227,India,IN,Assam,Assam,True,27.163,94.0,landslide,rain,medium,unknown,,,"Kimin-Ziro road in Papum Pare district, road between Doimukh and Sagalee, Doimukh-Hoj road; Arunachal Pradesh","Kimin-Ziro road in Papum Pare district, road between Doimukh and Sagalee, Doimukh-Hoj road; Arunachal Pradesh"
715,2008-08-14 00:00:00,2008,8,227,India,IN,Himachal Pradesh,Himachal Pradesh,False,31.0,77.12,complex,monsoon,medium,unknown,,,"Shimla, Mandi, Solan and Sirmaur districts","Shimla, Mandi, Solan and Sirmaur districts"
717,2008-08-15 00:00:00,2008,8,228,India,IN,Kashmir,Jammu and Kashmir,False,33.0,74.9277,landslide,downpour,medium,unknown,,,Riasi district of Jammu and Kashmir,Riasi district of Jammu and Kashmir
725,2008-08-17 00:00:00,2008,8,230,India,IN,Himachal Pradesh,Himachal Pradesh,False,31.1,77.16,landslide,rain,medium,unknown,,,Shimla district,Shimla district
731,2008-08-19 00:00:00,2008,8,232,India,IN,Nāgāland,Nagaland,True,26.138,94.25,mudslide,downpour,medium,unknown,4.0,,"Akuk village, Wokha District, Nagaland","Akuk village, Wokha District, Nagaland"
755,2008-08-28 00:00:00,2008,8,241,India,IN,Sikkim,Sikkim,True,27.337,88.609,landslide,downpour,medium,unknown,,,"Ranka, Sikkim and Louing road","Ranka, Sikkim and Louing road"
760,2008-08-29 00:00:00,2008,8,242,India,IN,Nāgāland,Nagaland,True,25.67,94.1066,complex,downpour,medium,unknown,,,"Kohima, Nagaland","Kohima, Nagaland"
785,2008-09-10 00:00:00,2008,9,254,India,IN,Goa,Goa,False,15.323,73.974,rock_fall,rain,medium,unknown,,,"Solva, Raia","Solva, Raia"
798,2008-09-19 00:00:00,2008,9,263,India,IN,Himachal Pradesh,Himachal Pradesh,False,31.587,78.315,landslide,downpour,medium,unknown,,,"NH 22, Kinnaur district","NH 22, Kinnaur district"
796,2008-09-19 00:00:00,2008,9,263,India,IN,Himachal Pradesh,Himachal Pradesh,False,30.56,77.3,landslide,downpour,medium,unknown,6.0,,Anni and Nahan,Anni and Nahan
797,2008-09-19 00:00:00,2008,9,263,India,IN,Himachal Pradesh,Himachal Pradesh,False,31.1,77.1645,landslide,downpour,large,unknown,38.0,,"Rohru,Theog and Chopal sub-divisions, Shimla, Himachal Pradesh","Rohru,Theog and Chopal sub-divisions, Shimla, Himachal Pradesh"
804,2008-09-22 00:00:00,2008,9,266,India,IN,Haryana,Haryana,False,30.7,77.08,landslide,rain,medium,unknown,,,"Ghaggar, Morni, Panchkula","Ghaggar, Morni, Panchkula"
840,2008-10-12 00:00:00,2008,10,286,India,IN,Uttar Pradesh,Uttar Pradesh,False,27.0167,78.1333,mudslide,rain,medium,unknown,,,Lehrakapura village near Shamsabad town,Lehrakapura village near Shamsabad town
858,2008-10-22 00:00:00,2008,10,296,India,IN,Kashmir,Jammu and Kashmir,False,33.6549,74.6326,landslide,downpour,medium,unknown,2.0,,Mughal Road at Lal Ghulam Pahari (25 km from Shopian),Mughal Road at Lal Ghulam Pahari (25 km from Shopian)
870,2008-10-29 00:00:00,2008,10,303,India,IN,Arunāchal Pradesh,Arunachal Pradesh,True,27.4,92.35,mudslide,downpour,medium,unknown,12.0,,"West Kameng, Arunachal Pradesh","West Kameng, Arunachal Pradesh"
868,2008-10-29 00:00:00,2008,10,303,India,IN,Assam,Assam,True,26.3333,91.25,landslide,downpour,medium,unknown,7.0,,"Kamrup, and Sonitpur, Assam","Kamrup, and Sonitpur, Assam"
869,2008-10-29 00:00:00,2008,10,303,India,IN,Assam,Assam,True,27.2333,94.1167,landslide,downpour,medium,unknown,,,North Lakhimpur ,North Lakhimpur 
940,2008-12-20 00:00:00,2008,12,355,India,IN,Kashmir,Jammu and Kashmir,False,33.245,75.247,landslide,rain,medium,unknown,,,"Panthal in Ramban district, National Highway 1; 174 km from Jammu","Panthal in Ramban district, National Highway 1; 174 km from Jammu"
942,2008-12-21 00:00:00,2008,12,356,India,IN,Himachal Pradesh,Himachal Pradesh,False,30.895,77.089,rock_fall,unknown,medium,unknown,1.0,,"Kalka-Shimla rail line, 1 km from Dharampur railway station at Tunnel No. 27","Kalka-Shimla rail line, 1 km from Dharampur railway station at Tunnel No. 27"
1031,2009-05-26 00:00:00,2009,5,146,India,IN,Bengal,West Bengal,False,26.8836,88.2791,landslide,tropical_cyclone,medium,unknown,7.0,,"Kurseong, Darjeeling, West Bengal","Kurseong, Darjeeling, West Bengal"
1032,2009-05-26 00:00:00,2009,5,146,India,IN,Bengal,West Bengal,False,27.0095,88.2592,landslide,tropical_cyclone,medium,unknown,6.0,,"Rangiabong (Jorbungalow), Darjeeling, West Bengal","Rangiabong (Jorbungalow), Darjeeling, West Bengal"
1030,2009-05-26 00:00:00,2009,5,146,India,IN,Bengal,West Bengal,False,27.04357147,88.26522126,landslide,tropical_cyclone,medium,unknown,14.0,,"Darjeeling Sadar, Darjeeling West Bengal","Darjeeling Sadar, Darjeeling West Bengal"
1037,2009-06-17 04:00:00,2009,6,168,India,IN,Bengal,West Bengal,False,26.89,88.47,mudslide,downpour,medium,unknown,0.0,,"Sevoke, 20km from Siliguri, North Eastern, India (Highway NH31A:Coronation Bridge to the Sevoke police outpost section blocked)","Sevoke, 20km from Siliguri, North Eastern, India (Highway NH31A:Coronation Bridge to the Sevoke police outpost section blocked)"
1043,2009-06-29 02:30:00,2009,6,180,India,IN,Maharashtra,Maharashtra,False,18.7591,73.3852,rock_fall,continuous_rain,medium,unknown,1.0,,"Adoshi tunnel,  Khandala Ghat, on Pune-Mumbai Expressway ","Adoshi tunnel,  Khandala Ghat, on Pune-Mumbai Expressway "
1061,2009-07-01 05:40:00,2009,7,182,India,IN,,Unknown,False,27.478,88.527,landslide,downpour,medium,unknown,0.0,,Bridge destroyed at 4th Mile,"4th Mile, Lower Mangshila in North Sikkim"
1050,2009-07-03 00:00:00,2009,7,184,India,IN,Bengal,West Bengal,False,26.87324244,88.29184021,landslide,rain,medium,unknown,0.0,,Darjeeling (between Tin Dharia and Rongtong),Darjeeling (between Tin Dharia and Rongtong)
1056,2009-07-22 00:00:00,2009,7,203,India,IN,Bengal,West Bengal,False,27.04,88.264,landslide,downpour,medium,below_road,0.0,,"Darjeeling, West Bengal ","Darjeeling, West Bengal "
1055,2009-07-22 00:00:00,2009,7,203,India,IN,Bengal,West Bengal,False,26.8826,88.2788,landslide,downpour,medium,unknown,0.0,,"Kerseong, West Bengal ","Kerseong, West Bengal "
1054,2009-07-22 00:00:00,2009,7,203,India,IN,Bengal,West Bengal,False,26.8572,88.3143,landslide,downpour,medium,unknown,0.0,,"Gayabari,  West Bengal ","Gayabari,  West Bengal "
1072,2009-08-08 02:00:00,2009,8,220,India,IN,Uttarakhand,Uttarakhand,False,29.5885,80.2098,landslide,downpour,large,unknown,15.0,,"Bala, Pithoragarh, Uttarakhand (450Km from Deheradun)","Bala, Pithoragarh, Uttarakhand (450Km from Deheradun)"
1084,2009-08-12 00:00:00,2009,8,224,India,IN,Arunāchal Pradesh,Arunachal Pradesh,True,27.7,92.8,landslide,downpour,medium,unknown,0.0,,"Upper Subansiri District, Arunanchal Pradesh","Upper Subansiri District, Arunanchal Pradesh"
1093,2009-08-16 00:00:00,2009,8,228,India,IN,Bengal,West Bengal,False,26.88211522,88.3195318,landslide,downpour,medium,unknown,1.0,,"Phagutar near Mahanadi, 12km from Kurseong, Siliguri district, Darjeeling","Phagutar near Mahanadi, 12km from Kurseong, Siliguri district, Darjeeling"
1090,2009-08-16 00:00:00,2009,8,228,India,IN,Bengal,West Bengal,False,26.9599,88.268,landslide,downpour,medium,unknown,2.0,,"Malutar tea estate, Darjeeling, West Bengal","Malutar tea estate, Darjeeling, West Bengal"
1089,2009-08-16 01:30:00,2009,8,228,India,IN,Bengal,West Bengal,False,26.7914,88.363,landslide,downpour,medium,unknown,4.0,,"Gourishankar tea estate premises, Darjeeling, West Bengal","Gourishankar tea estate premises, Darjeeling, West Bengal"
1088,2009-08-16 02:00:00,2009,8,228,India,IN,Bengal,West Bengal,False,26.8867642,88.28044714,landslide,downpour,medium,unknown,5.0,,"Kerseong, Sub-division, Siliguri district, West Bengal","Kerseong, Sub-division, Siliguri district, West Bengal"
1091,2009-08-16 09:00:00,2009,8,228,India,IN,Bengal,West Bengal,False,27.02459801,88.43849551,landslide,downpour,medium,above_river,2.0,,"Kalimpong, Darjeeling, West Bengal","Kalimpong, Darjeeling, West Bengal"
1092,2009-08-16 09:00:00,2009,8,228,India,IN,Bengal,West Bengal,False,26.74452462,88.40011959,landslide,downpour,medium,above_road,1.0,,near the Rohini-Sirubari road,near the Rohini-Sirubari road
1094,2009-08-16 21:30:00,2009,8,228,India,IN,Bengal,West Bengal,False,27.15977181,88.63411246,landslide,downpour,medium,deforested_slope,1.0,,"Katare village, 80 km from Kalimpong","Katare village, 80 km from Kalimpong"
1097,2009-08-17 18:00:00,2009,8,229,India,IN,Uttarakhand,Uttarakhand,False,29.4085,80.1327,landslide,continuous_rain,medium,unknown,0.0,,Pithoragarh district,Pithoragarh district
1102,2009-08-19 20:30:00,2009,8,231,India,IN,,Unknown,False,27.2644,88.1365,landslide,downpour,medium,unknown,2.0,,"Sombaria, West Sikkim","Sombaria, West Sikkim"
1108,2009-08-20 00:00:00,2009,8,232,India,IN,Assam,Assam,True,24.9925,93.5,landslide,downpour,medium,unknown,0.0,,"Tamei, Tamenglong district on Imphal-Tamenglong (IT) road","Tamei, Tamenglong district on Imphal-Tamenglong (IT) road"
1109,2009-08-20 00:00:00,2009,8,232,India,IN,Assam,Assam,True,25.5215,93.1645,landslide,downpour,medium,unknown,0.0,,Lumding-Badarpur section in North Cachar Hills district,Lumding-Badarpur section in North Cachar Hills district
1106,2009-08-20 00:00:00,2009,8,232,India,IN,Bengal,West Bengal,False,26.8992,88.1667,landslide,continuous_rain,medium,unknown,2.0,,"(Okai Tea Garden) Mirik, Darjeeling, West Bengal","(Okai Tea Garden) Mirik, Darjeeling, West Bengal"
1111,2009-08-20 00:00:00,2009,8,232,India,IN,Bengal,West Bengal,False,27.1344,88.4575,landslide,downpour,medium,unknown,0.0,,"Melli Chalisey, Sikkim","Melli Chalisey, Sikkim"
1107,2009-08-20 00:00:00,2009,8,232,India,IN,Bengal,West Bengal,False,27.0736,88.4779,landslide,continuous_rain,medium,unknown,1.0,,"Geetkolbong, Kalimpong sub-division, Darjeeling, West Bengal","Geetkolbong, Kalimpong sub-division, Darjeeling, West Bengal"
1112,2009-08-20 00:00:00,2009,8,232,India,IN,Sikkim,Sikkim,True,27.1761,88.5287,mudslide,downpour,medium,unknown,0.0,,"NH31A, Mile 27 near Rambi","NH31A, Mile 27 near Rambi"
1110,2009-08-20 20:30:00,2009,8,232,India,IN,Bengal,West Bengal,False,26.88405686,88.28087032,landslide,continuous_rain,medium,urban,,,"Kurseong, Darjeeling, West Bengal","Kurseong, Darjeeling, West Bengal"
1125,2009-08-26 00:00:00,2009,8,238,India,IN,Sikkim,Sikkim,True,27.3746,88.7648,landslide,rain,medium,unknown,,,"17th Mile towards Tsomgo Lake, near Kyongsala, Sikkim ","17th Mile towards Tsomgo Lake, near Kyongsala, Sikkim "
1127,2009-08-27 00:00:00,2009,8,239,India,IN,Assam,Assam,True,25.1718,93.123,landslide,downpour,medium,unknown,,,between Mahur and Phaiding railway stations on Barail hills (Mahur and Barail hills located),between Mahur and Phaiding railway stations on Barail hills (Mahur and Barail hills located)
1129,2009-08-30 00:00:00,2009,8,242,India,IN,Manipur,Manipur,True,24.8628,94.4182,landslide,downpour,medium,unknown,,,"Road stretch from Gammom to Chamu village, under Kamjong block, Ukhrul district, Manipur","Road stretch from Gammom to Chamu village, under Kamjong block, Ukhrul district, Manipur"
1130,2009-09-01 15:00:00,2009,9,244,India,IN,Uttarakhand,Uttarakhand,False,29.7036,78.5658,landslide,downpour,medium,unknown,3.0,,Chinona area in Almora district,Chinona area in Almora district
1134,2009-09-03 00:00:00,2009,9,246,India,IN,Himachal Pradesh,Himachal Pradesh,False,32.351,77.2234,landslide,rain,medium,unknown,,,Marhi region of Himachal Pradesh,Marhi region of Himachal Pradesh
1133,2009-09-03 23:30:00,2009,9,246,India,IN,Maharashtra,Maharashtra,False,19.0949,72.8899,mudslide,downpour,large,unknown,12.0,,"Saki Naka in Andheri area, Mumbai suburb/slum (Sakinaka is around 23 miles (35 kilometers) from downtown Mumbai)","Saki Naka in Andheri area, Mumbai suburb/slum (Sakinaka is around 23 miles (35 kilometers) from downtown Mumbai)"
1149,2009-09-09 23:00:00,2009,9,252,India,IN,Himachal Pradesh,Himachal Pradesh,False,31.5494,76.9001,landslide,downpour,medium,unknown,,,"Bilaspur and Mandi towns, Chandigarh-Manali National Highway-21, Himachal Pradesh","Bilaspur and Mandi towns, Chandigarh-Manali National Highway-21, Himachal Pradesh"
1154,2009-09-10 00:00:00,2009,9,253,India,IN,Himachal Pradesh,Himachal Pradesh,False,32.4035,77.5796,landslide,downpour,medium,unknown,,,"Manali Kaza-Manali Road near Kunzum Pass, Spiti Valley, Himachal Pradesh","Manali Kaza-Manali Road near Kunzum Pass, Spiti Valley, Himachal Pradesh"
1153,2009-09-10 00:00:00,2009,9,253,India,IN,Himachal Pradesh,Himachal Pradesh,False,31.8833,78.6167,landslide,downpour,medium,unknown,,,"Kaza-Kinnaur highway near Nako, Spiti Valley, Himachal Pradesh","Kaza-Kinnaur highway near Nako, Spiti Valley, Himachal Pradesh"
1156,2009-09-12 00:00:00,2009,9,255,India,IN,Kerala,Kerala,False,8.742,76.8902,landslide,rain,medium,unknown,1.0,,"Vamanapuram, Thiruvananthapuram district in the state of Kerala","Vamanapuram, Thiruvananthapuram district in the state of Kerala"
1157,2009-09-12 23:00:00,2009,9,255,India,IN,Himachal Pradesh,Himachal Pradesh,False,31.1032,77.1625,landslide,downpour,small,unknown,,,Kalka-Shimla toy train track near Kaithlighat,Kalka-Shimla toy train track near Kaithlighat
1168,2009-09-17 00:00:00,2009,9,260,India,IN,Sikkim,Sikkim,True,27.1954,88.6115,landslide,rain,medium,unknown,,,"4th Mile on road between Rongli, Rhenock and Rangpo in East Sikkim.","4th Mile on road between Rongli, Rhenock and Rangpo in East Sikkim."
1170,2009-09-18 00:00:00,2009,9,261,India,IN,Bengal,West Bengal,False,26.8342,88.2798,landslide,rain,medium,unknown,,,Tindharia and Rong Tong,Tindharia and Rong Tong
1172,2009-09-19 00:00:00,2009,9,262,India,IN,Kerala,Kerala,False,11.2695,76.2227,landslide,downpour,medium,unknown,,,"Nilambur, Malappuram, Kerala State","Nilambur, Malappuram, Kerala State"
1204,2009-10-01 00:00:00,2009,10,274,India,IN,Maharashtra,Maharashtra,False,16.656,73.5178,landslide,downpour,medium,unknown,8.0,,"Vadad-Hasol village near Rajapur in Ratnagiri district, Maharastra","Vadad-Hasol village near Rajapur in Ratnagiri district, Maharastra"
1209,2009-10-02 00:00:00,2009,10,275,India,IN,Karnataka,Karnataka,False,14.7395,74.2566,landslide,downpour,medium,unknown,,,National Highway 17 between Karwar and Ankola (,National Highway 17 between Karwar and Ankola (
1208,2009-10-02 00:00:00,2009,10,275,India,IN,Karnataka,Karnataka,False,14.7812,74.499,landslide,downpour,large,unknown,24.0,,"Madibag near Kadwad village, Uttara Kannada district, North Karnataka","Madibag near Kadwad village, Uttara Kannada district, North Karnataka"
1210,2009-10-02 00:00:00,2009,10,275,India,IN,Karnataka,Karnataka,False,14.9935,74.0478,landslide,rain,medium,unknown,,,Konkan railway route in southern village Canacona in Goa,Konkan railway route in southern village Canacona in Goa
1212,2009-10-03 00:00:00,2009,10,276,India,IN,Kerala,Kerala,False,11.4477,75.8289,landslide,downpour,medium,unknown,,,"Balussery, Kozhikode, Kerala","Balussery, Kozhikode, Kerala"
1213,2009-10-03 00:00:00,2009,10,276,India,IN,Kerala,Kerala,False,11.4816,75.9957,landslide,downpour,medium,unknown,,,"Puddipadi, Kozhikode, Kerala ","Puddipadi, Kozhikode, Kerala "
1222,2009-10-05 00:00:00,2009,10,278,India,IN,Mizoram,Mizoram,True,23.73478778,92.72124394,landslide,downpour,medium,urban,3.0,,"Chhinga Veng, Aizawl","Chhinga Veng, Aizawl"
1289,2009-11-08 00:00:00,2009,11,312,India,IN,Tamil Nadu,Tamil Nadu,False,10.3018,77.1711,landslide,downpour,medium,unknown,1.0,,"Marayoor in Idukki district, Kerala","Marayoor in Idukki district, Kerala"
1291,2009-11-09 00:00:00,2009,11,313,India,IN,Tamil Nadu,Tamil Nadu,False,11.4098,76.6939,landslide,downpour,medium,unknown,42.0,,"Ooty and Coonoor, Tamil Nadu","Ooty and Coonoor, Tamil Nadu"
1315,2009-11-20 18:30:00,2009,11,324,India,IN,Gujarāt,Gujarāt,False,23.0396,72.566,landslide,construction,medium,unknown,5.0,1.0,"Parimal underpass near Juta Bazaar, Ahmedabad, Gujrat State","Parimal underpass near Juta Bazaar, Ahmedabad, Gujrat State"
1384,2010-01-03 02:00:00,2010,1,3,India,IN,Kashmir,Jammu and Kashmir,False,33.0289,74.9489,landslide,downpour,medium,unknown,0.0,,Vaishnodevi in Trikuta hills of Reasi district,Vaishnodevi in Trikuta hills of Reasi district
1475,2010-02-06 00:00:00,2010,2,37,India,IN,Kashmir,Jammu and Kashmir,False,33.1595,75.8011,landslide,downpour,medium,unknown,,,"Srinagar-Jammu highway near Asar, Doda and Kishtwar districts","Srinagar-Jammu highway near Asar, Doda and Kishtwar districts"
1487,2010-02-08 18:00:00,2010,2,39,India,IN,Kashmir,Jammu and Kashmir,False,34.0876,74.0225,landslide,downpour,medium,unknown,1.0,,"Narundi area of Uri, Jammu and Kashmir ","Narundi area of Uri, Jammu and Kashmir "
1498,2010-02-10 00:00:00,2010,2,41,India,IN,Kashmir,Jammu and Kashmir,False,34.151,74.1213,landslide,rain,medium,unknown,0.0,,"Road between Srinagar and Muzaffarabad near Kaman post in Baramulla district, Kashmir","Road between Srinagar and Muzaffarabad near Kaman post in Baramulla district, Kashmir"
1521,2010-02-23 00:00:00,2010,2,54,India,IN,Uttarakhand,Uttarakhand,False,30.383,78.5094,landslide,downpour,medium,unknown,2.0,,Tehri : Two children were killed and another injured when landslides triggered by heavy rains demolished a house at Tangadia village in Tehri distric*,
1526,2010-02-26 23:00:00,2010,2,57,India,IN,Kashmir,Jammu and Kashmir,False,33.0097,74.9402,landslide,downpour,medium,unknown,2.0,,"Hathi Matha, between Katra and Vaishno Devi cave shrine in Trikuta hills, Reasi District","Hathi Matha, between Katra and Vaishno Devi cave shrine in Trikuta hills, Reasi District"
1596,2010-03-27 20:00:00,2010,3,86,India,IN,Manipur,Manipur,True,24.7339,93.9161,mudslide,downpour,medium,unknown,0.0,,"LangthAbal Khoupum, Imphal, Manipur","LangthAbal Khoupum, Imphal, Manipur"
1611,2010-04-01 00:00:00,2010,4,91,India,IN,Assam,Assam,True,25.1553,93.028,landslide,downpour,medium,unknown,3.0,,"Paglanala village, Dholai Block, near Dwarbandh locality of the district, Cachar district (could only find district) 45 km from Silchar, Assam","Paglanala village, Dholai Block, near Dwarbandh locality of the district, Cachar district (could only find district) 45 km from Silchar, Assam"
1613,2010-04-02 23:00:00,2010,4,92,India,IN,Arunāchal Pradesh,Arunachal Pradesh,True,27.8997,93.3497,mudslide,downpour,large,unknown,12.0,,"Koloriang, Kuring Kumey district, Arunachal Pradesh","Koloriang, Kuring Kumey district, Arunachal Pradesh"
1756,2010-04-17 00:00:00,2010,4,107,India,IN,Sikkim,Sikkim,True,27.322,88.6087,landslide,downpour,small,unknown,0.0,,"Nam Nang, Gangtok","Nam Nang, Gangtok"
1755,2010-04-17 15:00:00,2010,4,107,India,IN,Sikkim,Sikkim,True,27.3341,88.6083,landslide,downpour,small,unknown,0.0,,"Natl. Highway 31-A at Pani House(?), Gangtok","Natl. Highway 31-A at Pani House(?), Gangtok"
1771,2010-04-20 00:00:00,2010,4,110,India,IN,Assam,Assam,True,26.1978,91.7665,landslide,downpour,medium,unknown,0.0,,"Raj Bhavan Guwahati, Assam","Raj Bhavan Guwahati, Assam"
1770,2010-04-20 00:00:00,2010,4,110,India,IN,Assam,Assam,True,26.1965,91.763,landslide,downpour,medium,unknown,0.0,,"Kharghuli, Guwahati, Assam","Kharghuli, Guwahati, Assam"
1769,2010-04-20 00:00:00,2010,4,110,India,IN,Kashmir,Jammu and Kashmir,False,34.38667467,76.34149164,landslide,downpour,medium,above_road,0.0,,"India Gate(?), Srinagar-Leh highway, Kashmir","India Gate(?), Srinagar-Leh highway, Kashmir"
1768,2010-04-20 00:00:00,2010,4,110,India,IN,Kashmir,Jammu and Kashmir,False,34.38663064,76.34158851,landslide,downpour,medium,above_road,0.0,,"Kanipathri(?), Srinagar-Leh highway, Kashmir","Kanipathri(?), Srinagar-Leh highway, Kashmir"
1776,2010-04-21 00:00:00,2010,4,111,India,IN,Meghālaya,Meghalaya,True,25.3612,92.2845,landslide,downpour,medium,unknown,0.0,,Shillong-Jowai(Jwai)-Badarpur National Highway(NH 44) at Sunapur village in Jaintia Hills District,Shillong-Jowai(Jwai)-Badarpur National Highway(NH 44) at Sunapur village in Jaintia Hills District
1775,2010-04-21 00:00:00,2010,4,111,India,IN,Arunāchal Pradesh,Arunachal Pradesh,True,27.8965,96.1779,landslide,downpour,medium,unknown,12.0,,Arunachal Pradesh ,Arunachal Pradesh 
1857,2010-05-11 09:00:00,2010,5,131,India,IN,Meghālaya,Meghalaya,True,25.3433,92.2897,landslide,downpour,medium,unknown,0.0,,"National highway 44 at Sunapur and Tongseng in Jaintia Hills district, eastern Meghalaya","National highway 44 at Sunapur and Tongseng in Jaintia Hills district, eastern Meghalaya"
1871,2010-05-17 00:00:00,2010,5,137,India,IN,Kashmir,Jammu and Kashmir,False,34.3951,75.6233,landslide,downpour,medium,unknown,0.0,,"Srinagar-Leh national highway, Captain Mode, Kashmir valley","Srinagar-Leh national highway, Captain Mode, Kashmir valley"
1884,2010-05-20 23:00:00,2010,5,140,India,IN,Andhra Pradesh,Andhra Pradesh,False,16.5121,80.6296,landslide,tropical_cyclone,medium,unknown,4.0,,Vijaywada(Vijayawada),Vijaywada(Vijayawada)
1901,2010-05-25 18:00:00,2010,5,145,India,IN,Kashmir,Jammu and Kashmir,False,34.09,74.0256,landslide,downpour,medium,unknown,0.0,,"Chadiyan(?) village near Uri, Baramulla district, Jammu and Kashmir","Chadiyan(?) village near Uri, Baramulla district, Jammu and Kashmir"
1908,2010-05-27 09:45:00,2010,5,147,India,IN,Kashmir,Jammu and Kashmir,False,34.5628,77.6001,landslide,rain,medium,unknown,0.0,,"Tyakshi(?) village near Turtuk(Nubra Valley) on Leh-Saichen(Siachan) rd, Jammu and kashmir","Tyakshi(?) village near Turtuk(Nubra Valley) on Leh-Saichen(Siachan) rd, Jammu and kashmir"
1930,2010-05-31 00:00:00,2010,5,151,India,IN,Arunāchal Pradesh,Arunachal Pradesh,True,28.4298,95.8776,landslide,downpour,medium,unknown,0.0,,"Anini-Roing road,  Dibang Valley,  Arunachal Pradesh ","Anini-Roing road,  Dibang Valley,  Arunachal Pradesh "
1929,2010-05-31 23:00:00,2010,5,151,India,IN,Sikkim,Sikkim,True,27.3543,88.6428,landslide,downpour,medium,unknown,0.0,,"North Sikkiim Highway, periphery of Gangtok, Sikkim East district","North Sikkiim Highway, periphery of Gangtok, Sikkim East district"
1935,2010-06-03 00:00:00,2010,6,154,India,IN,Tripura,Tripura,True,23.8986,91.7599,landslide,downpour,medium,unknown,0.0,,"atharamura hills, Highway 44, Tripura","atharamura hills, Highway 44, Tripura"
1934,2010-06-03 05:00:00,2010,6,154,India,IN,Assam,Assam,True,24.6005,92.3814,landslide,downpour,medium,unknown,2.0,,Rongpur village under Bhairabhnagar panchayat in Karimganj district,Rongpur village under Bhairabhnagar panchayat in Karimganj district
1946,2010-06-05 00:00:00,2010,6,156,India,IN,Kashmir,Jammu and Kashmir,False,34.0901,74.0256,landslide,downpour,medium,unknown,0.0,,"Laghama(?), Uri Sector, Baramulla district,Jammu and Kashmir","Laghama(?), Uri Sector, Baramulla district,Jammu and Kashmir"
1954,2010-06-07 00:00:00,2010,6,158,India,IN,Manipur,Manipur,True,24.7543,93.5039,landslide,rain,medium,unknown,0.0,,"Irang(?) and Barak(?) and Makru(?) on highway 53 between Imphal and Jiribam, Manipur","Irang(?) and Barak(?) and Makru(?) on highway 53 between Imphal and Jiribam, Manipur"
1959,2010-06-08 00:00:00,2010,6,159,India,IN,Maharashtra,Maharashtra,False,19.1646,72.9325,landslide,monsoon,medium,unknown,0.0,,"Khindipada area, near the BMC pipeline at Bhandup-west","Khindipada area, near the BMC pipeline at Bhandup-west"
1958,2010-06-08 09:00:00,2010,6,159,India,IN,Maharashtra,Maharashtra,False,19.0176,72.8562,landslide,monsoon,medium,unknown,2.0,,"Kamraj Nagar slum at Sion-Koliwada, Antop Hill, Mumbai","Kamraj Nagar slum at Sion-Koliwada, Antop Hill, Mumbai"
1962,2010-06-09 00:00:00,2010,6,160,India,IN,Himachal Pradesh,Himachal Pradesh,False,31.09907494,77.1723589,landslide,downpour,medium,unknown,0.0,,"Shimla district, Himachal Pradesh","Shimla district, Himachal Pradesh"
1961,2010-06-09 14:15:00,2010,6,160,India,IN,Meghālaya,Meghalaya,True,25.8833,91.2,landslide,downpour,medium,unknown,0.0,,"Ishok Chingphu(?), Bishnupur, Assam","Ishok Chingphu(?), Bishnupur, Assam"
1963,2010-06-11 00:00:00,2010,6,162,India,IN,Bengal,West Bengal,False,26.944,88.4441,landslide,downpour,medium,unknown,0.0,,"near Sevok(Sevoke), Highway 31A to Sikkimand Kalimpong, Hatisura(?), Darjeeling","near Sevok(Sevoke), Highway 31A to Sikkimand Kalimpong, Hatisura(?), Darjeeling"
1987,2010-06-15 00:00:00,2010,6,166,India,IN,Assam,Assam,True,25.2269,93.1658,landslide,downpour,medium,unknown,0.0,,"rails between Mahur and Wadringdisa(?), Assam","rails between Mahur and Wadringdisa(?), Assam"
1986,2010-06-15 00:00:00,2010,6,166,India,IN,Nāgāland,Nagaland,True,26.3335,94.5512,landslide,downpour,medium,unknown,0.0,,"Fazl Ali College, Mokokchung, Nagaland","Fazl Ali College, Mokokchung, Nagaland"
1988,2010-06-15 00:00:00,2010,6,166,India,IN,Maharashtra,Maharashtra,False,18.7624,73.3747,landslide,downpour,small,unknown,0.0,,"Khandala, on Mumbai-Pune Expressway","Khandala, on Mumbai-Pune Expressway"
1995,2010-06-16 00:00:00,2010,6,167,India,IN,Bengal,West Bengal,False,27.0765,88.4808,landslide,rain,medium,unknown,3.0,,Tripi (Tirpai?) road of Upper Gumfa area in Kalimpong,Tripi (Tirpai?) road of Upper Gumfa area in Kalimpong
1994,2010-06-16 00:00:00,2010,6,167,India,IN,Assam,Assam,True,25.0633,92.8025,landslide,downpour,medium,unknown,0.0,,"rails between Jatinga and Longrangjao(?), Assam","rails between Jatinga and Longrangjao(?), Assam"
1993,2010-06-16 00:00:00,2010,6,167,India,IN,Bengal,West Bengal,False,26.8073,88.3162,landslide,downpour,medium,unknown,0.0,,"Kurseong sub-division, Road between Kurseong and New Jalpaiguri","Kurseong sub-division, Road between Kurseong and New Jalpaiguri"
1996,2010-06-17 19:30:00,2010,6,168,India,IN,Nāgāland,Nagaland,True,26.4333,94.8833,landslide,downpour,medium,unknown,0.0,,"Shayoung Ward(?), Longleng, Nagaland","Shayoung Ward(?), Longleng, Nagaland"
2003,2010-06-19 08:00:00,2010,6,170,India,IN,Maharashtra,Maharashtra,False,17.8975,73.2961,landslide,downpour,medium,unknown,8.0,,"Harne(?) village, near Dapoli, Ratnagiri district, Maharashtra","Harne(?) village, near Dapoli, Ratnagiri district, Maharashtra"
2015,2010-06-25 00:00:00,2010,6,176,India,IN,Maharashtra,Maharashtra,False,19.069,72.8703,landslide,downpour,medium,unknown,0.0,,"hill(?) in Valmik Nagar, Kurla (Valmikinagar), Mumbai","hill(?) in Valmik Nagar, Kurla (Valmikinagar), Mumbai"
2016,2010-06-25 00:00:00,2010,6,176,India,IN,Maharashtra,Maharashtra,False,19.1095,72.8929,landslide,downpour,medium,unknown,0.0,,"Jeevandaya lane(?), Vijay Nagar, Ghatopar(Ghatkopar)","Jeevandaya lane(?), Vijay Nagar, Ghatopar(Ghatkopar)"
2017,2010-06-25 00:00:00,2010,6,176,India,IN,Karnataka,Karnataka,False,12.89163444,74.88548779,landslide,downpour,medium,above_road,,,"tracks near Kulshekar, between Padil and Thokur, Mangalore to Mumbai","tracks near Kulshekar, between Padil and Thokur, Mangalore to Mumbai"
2014,2010-06-25 00:00:00,2010,6,176,India,IN,Maharashtra,Maharashtra,False,19.153,72.9266,landslide,downpour,medium,unknown,0.0,,"Sewri(?), New Shivaji Nagar, Mumbai","Sewri(?), New Shivaji Nagar, Mumbai"
2022,2010-06-27 23:00:00,2010,6,178,India,IN,Karnataka,Karnataka,False,12.89307458,74.88567317,landslide,downpour,medium,above_road,0.0,,"again on tracks near Kulshekar, Mangalore","again on tracks near Kulshekar, Mangalore"
2025,2010-06-28 00:00:00,2010,6,179,India,IN,Meghālaya,Meghalaya,True,25.5728,91.885,landslide,downpour,medium,unknown,1.0,,"Police CID complex(?), Shillong, Meghalaya","Police CID complex(?), Shillong, Meghalaya"
2026,2010-06-28 00:00:00,2010,6,179,India,IN,Meghālaya,Meghalaya,True,25.4916,91.2698,landslide,downpour,medium,unknown,0.0,,"Borsorsa(?), West Khasi Hills, Meghalaya","Borsorsa(?), West Khasi Hills, Meghalaya"
2034,2010-07-04 00:00:00,2010,7,185,India,IN,Bengal,West Bengal,False,26.8712,88.3052,landslide,rain,medium,below_road,0.0,,"Toy Train rails between Siliguri and Darjeeling, West Bengal","Toy Train rails between Siliguri and Darjeeling, West Bengal"
2041,2010-07-06 00:00:00,2010,7,187,India,IN,Uttarakhand,Uttarakhand,False,30.2485,78.8847,landslide,downpour,medium,unknown,0.0,,"highway to Rudraprayag district, Uttarakhand","highway to Rudraprayag district, Uttarakhand"
2045,2010-07-06 00:00:00,2010,7,187,India,IN,Nāgāland,Nagaland,True,26.2363,94.8133,mudslide,monsoon,medium,unknown,0.0,,"Tuensang, Nagaland","Tuensang, Nagaland"
2043,2010-07-06 00:00:00,2010,7,187,India,IN,Nāgāland,Nagaland,True,26.7225,95.0281,mudslide,monsoon,medium,unknown,0.0,,"Mon, Nagaland","Mon, Nagaland"
2042,2010-07-06 00:00:00,2010,7,187,India,IN,Nāgāland,Nagaland,True,26.0093,94.5238,mudslide,monsoon,medium,unknown,0.0,,"Zunheboto, Nagaland","Zunheboto, Nagaland"
2040,2010-07-06 00:00:00,2010,7,187,India,IN,Uttarakhand,Uttarakhand,False,30.638,78.3297,landslide,downpour,medium,unknown,0.0,,"highway to Uttarkashi district, Uttarakhand","highway to Uttarkashi district, Uttarakhand"
2044,2010-07-06 00:00:00,2010,7,187,India,IN,Nāgāland,Nagaland,True,25.8877,94.7861,mudslide,monsoon,medium,unknown,0.0,,"Kiphire,  Nagaland","Kiphire,  Nagaland"
2049,2010-07-07 00:00:00,2010,7,188,India,IN,Himachal Pradesh,Himachal Pradesh,False,31.5041,77.9521,landslide,downpour,medium,unknown,0.0,,"NH-22 between Rampur and Recong-Peo(Reckong Peo), Himachal Pradesh","NH-22 between Rampur and Recong-Peo(Reckong Peo), Himachal Pradesh"
2051,2010-07-07 00:00:00,2010,7,188,India,IN,Himachal Pradesh,Himachal Pradesh,False,31.1011,77.1793,landslide,downpour,medium,unknown,0.0,,"upper Shimla, Himachal Pradesh","upper Shimla, Himachal Pradesh"
2046,2010-07-07 00:00:00,2010,7,188,India,IN,Himachal Pradesh,Himachal Pradesh,False,32.3733,77.2498,landslide,downpour,medium,unknown,0.0,,"near Rohtang Pass, Manali-Keylong rd, Himachal Pradesh","near Rohtang Pass, Manali-Keylong rd, Himachal Pradesh"
2048,2010-07-07 00:00:00,2010,7,188,India,IN,Himachal Pradesh,Himachal Pradesh,False,32.6598,76.853,landslide,downpour,medium,unknown,0.0,,"Kala Nalah(?), Keylong-Udaipur rd, Himachal Pradesh","Kala Nalah(?), Keylong-Udaipur rd, Himachal Pradesh"
2050,2010-07-07 00:00:00,2010,7,188,India,IN,Himachal Pradesh,Himachal Pradesh,False,31.645,78.4354,landslide,downpour,medium,unknown,0.0,,"NH-22 beyond Recong-Peo(Reckong Peo),  Himachal Pradesh","NH-22 beyond Recong-Peo(Reckong Peo),  Himachal Pradesh"
2047,2010-07-07 00:00:00,2010,7,188,India,IN,Himachal Pradesh,Himachal Pradesh,False,32.219,78.072,landslide,downpour,medium,unknown,0.0,,"Chhatru(?), Gramphu(?)-Kaza rd, Himachal Pradesh","Chhatru(?), Gramphu(?)-Kaza rd, Himachal Pradesh"
2056,2010-07-11 00:00:00,2010,7,192,India,IN,Himachal Pradesh,Himachal Pradesh,False,32.304,77.2106,landslide,downpour,medium,unknown,0.0,,roads from Manali to Rohtang pass,roads from Manali to Rohtang pass
2091,2010-07-17 00:00:00,2010,7,198,India,IN,Himachal Pradesh,Himachal Pradesh,False,30.6358,77.5435,landslide,downpour,medium,unknown,0.0,,"Lana Mashoor(?) and Lana Polar(?) and Sewn(?) villages, Sirmaur district","Lana Mashoor(?) and Lana Polar(?) and Sewn(?) villages, Sirmaur district"
2098,2010-07-19 06:00:00,2010,7,200,India,IN,Nāgāland,Nagaland,True,26.7215,95.0283,landslide,downpour,medium,unknown,0.0,,"Jahjon ward(?), Mon town, Nagaland","Jahjon ward(?), Mon town, Nagaland"
2106,2010-07-20 00:00:00,2010,7,201,India,IN,Nāgāland,Nagaland,True,26.8716,94.9921,landslide,downpour,medium,unknown,0.0,,"road to Oting near Longlam village, 13 km from Tizit subdivision, Mon district, Nagaland","road to Oting near Longlam village, 13 km from Tizit subdivision, Mon district, Nagaland"
2104,2010-07-20 00:00:00,2010,7,201,India,IN,Uttarakhand,Uttarakhand,False,29.36,80.126,landslide,downpour,medium,unknown,0.0,,"Tanakupur-Pitoragarh highway, Kumaon(Kumaun) region, Uttarakhand","Tanakupur-Pitoragarh highway, Kumaon(Kumaun) region, Uttarakhand"
2103,2010-07-20 00:00:00,2010,7,201,India,IN,Uttarakhand,Uttarakhand,False,29.9862,78.6115,landslide,downpour,medium,unknown,0.0,,"Badrinath and Yamunotri shrines(?), Garhwal region, Uttarakhand","Badrinath and Yamunotri shrines(?), Garhwal region, Uttarakhand"
2105,2010-07-20 18:00:00,2010,7,201,India,IN,Uttarakhand,Uttarakhand,False,29.3576,79.5519,landslide,downpour,medium,unknown,1.0,,"Bhimtal area, Naintal district, Uttarakhand","Bhimtal area, Naintal district, Uttarakhand"
2111,2010-07-21 00:00:00,2010,7,202,India,IN,Karnataka,Karnataka,False,12.8277,75.0772,landslide,downpour,medium,unknown,0.0,,"Peruvai-Kadengodlu rd(?) between Vittal and Manila(Mani?), Bantwal tuluk, Karnataka","Peruvai-Kadengodlu rd(?) between Vittal and Manila(Mani?), Bantwal tuluk, Karnataka"
2113,2010-07-21 08:00:00,2010,7,202,India,IN,Sikkim,Sikkim,True,27.3773,88.559,landslide,downpour,medium,unknown,0.0,,"Singtam-Mangan rd, Sikkim","Singtam-Mangan rd, Sikkim"
2112,2010-07-21 08:00:00,2010,7,202,India,IN,,Unknown,False,27.5509,88.6475,landslide,downpour,medium,unknown,0.0,,"Zang(?), east Sikkim","Zang(?), east Sikkim"
2119,2010-07-22 00:00:00,2010,7,203,India,IN,Maharashtra,Maharashtra,False,16.5676,73.6608,landslide,downpour,medium,unknown,0.0,,Rajapur-Vaibhavwadi section of the Konkan railway,Rajapur-Vaibhavwadi section of the Konkan railway
2120,2010-07-22 00:00:00,2010,7,203,India,IN,Uttarakhand,Uttarakhand,False,29.6095,79.6628,landslide,downpour,medium,unknown,1.0,,"Patlot-Aghora road, Almora District ","Patlot-Aghora road, Almora District "
2018,2010-07-22 02:00:00,2010,7,203,India,IN,Maharashtra,Maharashtra,False,19.17377751,72.88274367,landslide,continuous_rain,medium,urban,0.0,0.0,New Mhada Complex in Dindoshi,New Mhada Complex in Dindoshi
2118,2010-07-22 05:00:00,2010,7,203,India,IN,Kashmir,Jammu and Kashmir,False,33.3893,75.203,landslide,downpour,medium,unknown,0.0,,"near Panthal, between Ramban and Ramsu(?), on Jammu-Srinagar hwy, Jammu and Kashmir","near Panthal, between Ramban and Ramsu(?), on Jammu-Srinagar hwy, Jammu and Kashmir"
2132,2010-07-24 09:00:00,2010,7,205,India,IN,Maharashtra,Maharashtra,False,16.93911427,73.4745894,mudslide,downpour,medium,above_road,,,"Konkan railway near Adavli Station, Maharashtra","Konkan railway near Adavli Station, Maharashtra"
2134,2010-07-25 00:00:00,2010,7,206,India,IN,Maharashtra,Maharashtra,False,16.94054188,73.46485294,landslide,downpour,medium,unknown,,,Nivsar area,Nivsar area
2136,2010-07-25 00:00:00,2010,7,206,India,IN,Himachal Pradesh,Himachal Pradesh,False,30.904,77.0969,landslide,downpour,medium,unknown,0.0,,Solan roads,Solan roads
2140,2010-07-25 00:00:00,2010,7,206,India,IN,Assam,Assam,True,25.0477,92.801,landslide,downpour,medium,unknown,0.0,,"road between Halfong and Redzol(?) or Silchar, Assam","road between Halfong and Redzol(?) or Silchar, Assam"
2139,2010-07-25 00:00:00,2010,7,206,India,IN,Himachal Pradesh,Himachal Pradesh,False,31.1054,77.1727,landslide,downpour,medium,urban,0.0,3.0,Ruldu Bhatta locality near Lakkar Bazaar,Ruldu Bhatta locality near Lakkar Bazaar
2135,2010-07-25 00:00:00,2010,7,206,India,IN,Himachal Pradesh,Himachal Pradesh,False,32.2067,76.3641,landslide,downpour,medium,unknown,0.0,,Dharamsala roads,Dharamsala roads
2137,2010-07-25 00:00:00,2010,7,206,India,IN,Himachal Pradesh,Himachal Pradesh,False,30.5589,77.2889,landslide,downpour,medium,unknown,0.0,,Nahan roads,Nahan roads
2138,2010-07-25 09:00:00,2010,7,206,India,IN,Himachal Pradesh,Himachal Pradesh,False,31.0931,77.1675,landslide,downpour,medium,urban,2.0,,"Kanlog, Shimla, Himachal Pradesh","Kanlog, Shimla, Himachal Pradesh"
2145,2010-07-26 00:00:00,2010,7,207,India,IN,Maharashtra,Maharashtra,False,16.94057232,73.46476377,landslide,downpour,medium,above_road,,,"Nivsar, Maharashtra","Nivsar, Maharashtra"
2162,2010-07-29 00:00:00,2010,7,210,India,IN,Uttarakhand,Uttarakhand,False,30.4054,79.3426,landslide,downpour,medium,unknown,0.0,,"Pīpalkoti : Landslips, triggered by heavy rain, blocked two key highways connecting Rishikesh, Gangotri and Badrinath in Uttarakhand on Thursday, lea*",
2161,2010-07-29 00:00:00,2010,7,210,India,IN,Uttarakhand,Uttarakhand,False,30.7467,78.4517,landslide,downpour,medium,unknown,0.0,,"Uttarkāshi : Landslips, triggered by heavy rain, blocked two key highways connecting Rishikesh, Gangotri and Badrinath in Uttarakhand on Thursday, le*",
2165,2010-07-29 00:00:00,2010,7,210,India,IN,Karnataka,Karnataka,False,12.896,74.8735,landslide,downpour,medium,unknown,0.0,,"Shakthinagar, Mangalore","Shakthinagar, Mangalore"
2163,2010-07-29 00:00:00,2010,7,210,India,IN,Nāgāland,Nagaland,True,25.4196,94.1054,landslide,downpour,medium,unknown,0.0,,"Maram area in Senapati district, National Highway 39","Maram area in Senapati district, National Highway 39"
2166,2010-07-29 00:00:00,2010,7,210,India,IN,Assam,Assam,True,24.9786,93.5027,landslide,downpour,medium,unknown,0.0,,"Highway 53 at Tupul, Tamenglong district","Highway 53 at Tupul, Tamenglong district"
2164,2010-07-29 23:00:00,2010,7,210,India,IN,Manipur,Manipur,True,25.3098633,94.48214677,landslide,downpour,medium,unknown,0.0,,"Chingai-Kuingai(Quingai) route (16 kms), Chingai subdivision, Ukhrul district, Manipur","Chingai-Kuingai(Quingai) route (16 kms), Chingai subdivision, Ukhrul district, Manipur"
2177,2010-07-30 00:00:00,2010,7,211,India,IN,Maharashtra,Maharashtra,False,15.949,73.9667,landslide,downpour,medium,unknown,0.0,,"Amboli ghat in Sindhdurg, Konkan","Amboli ghat in Sindhdurg, Konkan"
2176,2010-07-30 15:00:00,2010,7,211,India,IN,Maharashtra,Maharashtra,False,15.9517,73.9958,landslide,rain,medium,unknown,0.0,,"Amboli, Belagum, 1.5 km from main waterfalls","Amboli, Belagum, 1.5 km from main waterfalls"
2183,2010-07-31 00:00:00,2010,7,212,India,IN,Himachal Pradesh,Himachal Pradesh,False,31.0655,77.1325,landslide,downpour,medium,deforested_slope,0.0,,NH-22 near Taradevi,NH-22 near Taradevi
2180,2010-07-31 08:00:00,2010,7,212,India,IN,Karnataka,Karnataka,False,12.8715,74.8862,landslide,downpour,medium,unknown,0.0,,"Padil, NH - 48","Padil, NH - 48"
2182,2010-07-31 09:00:00,2010,7,212,India,IN,Manipur,Manipur,True,24.9356,93.8443,landslide,rain,medium,unknown,0.0,,Dimapur-Imphal highway (NH 39) near Manipur,Dimapur-Imphal highway (NH 39) near Manipur
2181,2010-07-31 18:20:00,2010,7,212,India,IN,Maharashtra,Maharashtra,False,19.1287,72.8889,landslide,downpour,medium,urban,0.0,0.0,"Milimd Nagar slum, Ghatkopar area in suburban Mumbai","Milimd Nagar slum, Ghatkopar area in suburban Mumbai"
2198,2010-08-04 00:00:00,2010,8,216,India,IN,Himachal Pradesh,Himachal Pradesh,False,32.7571,77.4138,landslide,downpour,medium,unknown,0.0,,"Baralacha La and Rahni Nallah, Himachal Pradesh along Manali – Leh highway","Baralacha La and Rahni Nallah, Himachal Pradesh along Manali – Leh highway"
2201,2010-08-05 00:00:00,2010,8,217,India,IN,Bengal,West Bengal,False,27.0366,88.263,landslide,downpour,medium,unknown,0.0,,"Darjeeling district, West Bengal, Toy Train route","Darjeeling district, West Bengal, Toy Train route"
2202,2010-08-05 08:00:00,2010,8,217,India,IN,Uttarakhand,Uttarakhand,False,30.4068,79.3351,landslide,downpour,medium,unknown,5.0,,"Basantpur or Gouchar village (two conflicting sources), Chamoli district","Basantpur or Gouchar village (two conflicting sources), Chamoli district"
2214,2010-08-06 00:00:00,2010,8,218,India,IN,Bengal,West Bengal,False,27.0375,88.2627,landslide,downpour,medium,unknown,0.0,,Dārjiling : The traffic along the National Highway 55 was disrupted on Friday following a heavy rainfall that triggered landslide in the Darjeeling H*,
2205,2010-08-06 00:00:00,2010,8,218,India,IN,Mizoram,Mizoram,True,23.7365,92.7146,landslide,downpour,medium,unknown,0.0,,"Dawrpui Vengthar cemetary, Aizwal, Mizoram","Dawrpui Vengthar cemetary, Aizwal, Mizoram"
2208,2010-08-06 00:15:00,2010,8,218,India,IN,Kashmir,Jammu and Kashmir,False,34.2116,77.3504,landslide,downpour,large,unknown,182.0,,"Nimoo(Nimu)(Nimmoo) village, Leh, Ladakh, Jammu and Kashmir","Nimoo(Nimu)(Nimmoo) village, Leh, Ladakh, Jammu and Kashmir"
2209,2010-08-06 00:30:00,2010,8,218,India,IN,Kashmir,Jammu and Kashmir,False,34.208,77.5101,landslide,downpour,large,unknown,0.0,,"Phyang village, Leh, Ladakh, Jammu and Kashmir","Phyang village, Leh, Ladakh, Jammu and Kashmir"
2210,2010-08-06 00:30:00,2010,8,218,India,IN,Kashmir,Jammu and Kashmir,False,34.1619,77.5528,landslide,downpour,large,unknown,0.0,,"Leh airport, Ladakh, Jammu and Kashmir","Leh airport, Ladakh, Jammu and Kashmir"
2206,2010-08-06 00:30:00,2010,8,218,India,IN,Kashmir,Jammu and Kashmir,False,34.1416,77.4871,landslide,downpour,very_large,unknown,234.0,,"villages Shapoo(?), Bazgo(?) and wide area around Leh, Ladakh, Jammu and Kashmir","villages Shapoo(?), Bazgo(?) and wide area around Leh, Ladakh, Jammu and Kashmir"
2211,2010-08-06 00:30:00,2010,8,218,India,IN,Kashmir,Jammu and Kashmir,False,34.3061,77.3265,landslide,downpour,large,unknown,0.0,,"Ney village, Ladakh, Jammu and Kashmir","Ney village, Ladakh, Jammu and Kashmir"
2207,2010-08-06 00:30:00,2010,8,218,India,IN,Kashmir,Jammu and Kashmir,False,34.1481,77.6538,landslide,downpour,large,unknown,11.0,,"Sabu(Saboo) village, Leh, Ladakh, Jammu and Kashmir","Sabu(Saboo) village, Leh, Ladakh, Jammu and Kashmir"
2212,2010-08-06 00:30:00,2010,8,218,India,IN,Kashmir,Jammu and Kashmir,False,34.1482,77.5971,landslide,downpour,large,unknown,0.0,,"eastern edge of Leh city, Ladakh, Jammu and Kashmir","eastern edge of Leh city, Ladakh, Jammu and Kashmir"
2213,2010-08-06 00:30:00,2010,8,218,India,IN,Kashmir,Jammu and Kashmir,False,34.1114,77.5874,mudslide,downpour,very_large,unknown,0.0,,"Choglamsar(Choklamsar) village, Jammu and Kashmir","Choglamsar(Choklamsar) village, Jammu and Kashmir"
2215,2010-08-06 01:00:00,2010,8,218,India,IN,Himachal Pradesh,Himachal Pradesh,False,32.371,77.2468,landslide,downpour,medium,unknown,0.0,,Manali-Chandigarh highway,Manali-Chandigarh highway
2228,2010-08-09 00:00:00,2010,8,221,India,IN,Uttarakhand,Uttarakhand,False,30.6785,78.3475,landslide,downpour,medium,unknown,0.0,,"Dharasu and Nalupani near Uttarkashi on Rishikesh – Gangotri highway, Uttarakhand ","Dharasu and Nalupani near Uttarkashi on Rishikesh – Gangotri highway, Uttarakhand "
2229,2010-08-09 00:00:00,2010,8,221,India,IN,Uttarakhand,Uttarakhand,False,30.5151,78.3684,landslide,downpour,medium,unknown,0.0,,"Menagarh near Sukki on Rishikesh – Gangotri highway, Uttarakhand ","Menagarh near Sukki on Rishikesh – Gangotri highway, Uttarakhand "
2227,2010-08-09 00:00:00,2010,8,221,India,IN,Uttarakhand,Uttarakhand,False,30.6463,79.5306,landslide,downpour,medium,unknown,0.0,,"Nirgaddu about 4 km from Tapovan on Rishikesh - Badrinath route, Uttarakhand ","Nirgaddu about 4 km from Tapovan on Rishikesh - Badrinath route, Uttarakhand "
2226,2010-08-09 18:00:00,2010,8,221,India,IN,Kashmir,Jammu and Kashmir,False,33.334,75.7627,landslide,downpour,medium,unknown,1.0,,Kishtwār : One person was killed and seven others were injured in a landslide triggered by heavy rains in the remote area of Kishtwar district in Jam*,
2234,2010-08-11 05:00:00,2010,8,223,India,IN,Himachal Pradesh,Himachal Pradesh,False,31.958,77.1104,landslide,downpour,medium,unknown,0.0,,"Kullu, Himachal Pradesh","Kullu, Himachal Pradesh"
2243,2010-08-13 00:00:00,2010,8,225,India,IN,Nāgāland,Nagaland,True,25.70223725,94.04619681,landslide,downpour,medium,mine,0.0,,"NH-39 near Kohima Municipality Council(KMC) dumping ground, between Zubza(Sechu) and Kohima, Nagaland","NH-39 near Kohima Municipality Council(KMC) dumping ground, between Zubza(Sechu) and Kohima, Nagaland"
2241,2010-08-13 00:00:00,2010,8,225,India,IN,Uttarakhand,Uttarakhand,False,30.80200029,78.61786282,landslide,downpour,medium,above_road,,,"Gangotree national highway near Bhatvaree, Uttarkashi district","Gangotree national highway near Bhatvaree, Uttarkashi district"
2242,2010-08-13 00:00:00,2010,8,225,India,IN,Himachal Pradesh,Himachal Pradesh,False,30.8522,76.991,landslide,rain,medium,unknown,0.0,,"Chandigarh-Shimla national highway (NH 22), near Parwanoo, Himachal pradesh","Chandigarh-Shimla national highway (NH 22), near Parwanoo, Himachal pradesh"
2247,2010-08-14 00:00:00,2010,8,226,India,IN,Nāgāland,Nagaland,True,26.148,94.8422,landslide,downpour,medium,unknown,0.0,,"Tuensang-Shamatore(Sampurre) rd, Nagaland","Tuensang-Shamatore(Sampurre) rd, Nagaland"
2248,2010-08-14 00:00:00,2010,8,226,India,IN,Nāgāland,Nagaland,True,26.222,94.9152,landslide,downpour,medium,unknown,0.0,,"Noklak-Tuensang road, Nagaland","Noklak-Tuensang road, Nagaland"
2246,2010-08-14 00:00:00,2010,8,226,India,IN,Himachal Pradesh,Himachal Pradesh,False,30.9012,77.0958,landslide,downpour,medium,unknown,2.0,,"Solan : Zhang Cheng felt lucky he did not take a nap as usual when the landslide destroyed his home in Nanyue village in Dujiangyan, Sichuan province*",
2249,2010-08-14 00:00:00,2010,8,226,India,IN,Nāgāland,Nagaland,True,26.0814,94.803,landslide,downpour,medium,unknown,0.0,,"Kiphire-Tuensang rd, Nagaland","Kiphire-Tuensang rd, Nagaland"
2253,2010-08-15 23:00:00,2010,8,227,India,IN,Manipur,Manipur,True,25.31006064,94.48265093,landslide,downpour,medium,unknown,0.0,,"Chingai-Kuingai(Quingai) route (16 kms), Chingai subdivision, Ukhrul district, Manipur","Chingai-Kuingai(Quingai) route (16 kms), Chingai subdivision, Ukhrul district, Manipur"
2257,2010-08-16 00:00:00,2010,8,228,India,IN,Uttarakhand,Uttarakhand,False,30.7284,79.4971,landslide,downpour,medium,unknown,0.0,,"badrinath route, Lambagarh(?), Uttarakhand","badrinath route, Lambagarh(?), Uttarakhand"
2262,2010-08-17 00:00:00,2010,8,229,India,IN,Maharashtra,Maharashtra,False,19.1993,73.0109,landslide,downpour,medium,unknown,10.0,,"Sonabai Niwas(?), Kalwa, Mumbai","Sonabai Niwas(?), Kalwa, Mumbai"
2263,2010-08-17 00:00:00,2010,8,229,India,IN,Nāgāland,Nagaland,True,26.2753,94.6654,landslide,downpour,medium,unknown,0.0,,"Dikhu bridge(?), Mokokchung-Tuensang road, Nagaland","Dikhu bridge(?), Mokokchung-Tuensang road, Nagaland"
2261,2010-08-17 08:00:00,2010,8,229,India,IN,Bengal,West Bengal,False,26.9435,88.4445,landslide,downpour,medium,unknown,0.0,,"Hatisur(?), Sevok(Sevoke), Kalimpong sub-division, NH 31A between Siliguri and Gangtok, Sikkim","Hatisur(?), Sevok(Sevoke), Kalimpong sub-division, NH 31A between Siliguri and Gangtok, Sikkim"
2260,2010-08-17 13:00:00,2010,8,229,India,IN,Maharashtra,Maharashtra,False,19.0997,72.8974,landslide,downpour,medium,unknown,1.0,,"Rajeev Nagar(?) or Narayan Nagar, Asalfa village, between Ghatkopar and Saki Naka area, somewhere near Lal Bahadur Shastri, Andheri Suburb. Mumbai urb","Rajeev Nagar(?) or Narayan Nagar, Asalfa village, between Ghatkopar and Saki Naka area, somewhere near Lal Bahadur Shastri, Andheri Suburb. Mumbai urban center, "
2267,2010-08-18 04:30:00,2010,8,230,India,IN,Maharashtra,Maharashtra,False,17.0661,73.5027,landslide,downpour,medium,unknown,0.0,,"Pomendi Hill(?), Goa-Mumbai Konkan railway, both sides of Ratnagiri, Maharashtra","Pomendi Hill(?), Goa-Mumbai Konkan railway, both sides of Ratnagiri, Maharashtra"
2268,2010-08-18 08:30:00,2010,8,230,India,IN,Uttarakhand,Uttarakhand,False,30.0134,79.9261,complex,downpour,large,unknown,18.0,,"Saraswati Shishu Mandir school(?), Sumgarh(Sumgad) village(?), Bageshwar-Pindari glacier rd 45 km from Bageshwar, Kapkot, Bageshwar, Uttarakhand","Saraswati Shishu Mandir school(?), Sumgarh(Sumgad) village(?), Bageshwar-Pindari glacier rd 45 km from Bageshwar, Kapkot, Bageshwar, Uttarakhand"
2279,2010-08-19 00:00:00,2010,8,231,India,IN,Bengal,West Bengal,False,26.9722,88.4481,landslide,downpour,medium,unknown,0.0,,"NH 31A at Likhuvir(?), near Teesta Bazar, 42nd Km marker(?), Kalimpong, West Bengal cutting off Sikkim and Kalimpong","NH 31A at Likhuvir(?), near Teesta Bazar, 42nd Km marker(?), Kalimpong, West Bengal cutting off Sikkim and Kalimpong"
2283,2010-08-19 00:00:00,2010,8,231,India,IN,Manipur,Manipur,True,24.8961,93.4957,mudslide,downpour,medium,unknown,0.0,,"2 km from Khongsang village(?), road between Tamenglong and Imphal or Nungba, Manipur","2 km from Khongsang village(?), road between Tamenglong and Imphal or Nungba, Manipur"
2282,2010-08-19 06:30:00,2010,8,231,India,IN,Nāgāland,Nagaland,True,26.1984,94.8158,landslide,downpour,medium,unknown,0.0,,"Tuensang-Kohima rd, 3 km outside Tuensang, Nagaland","Tuensang-Kohima rd, 3 km outside Tuensang, Nagaland"
2281,2010-08-19 18:00:00,2010,8,231,India,IN,Nāgāland,Nagaland,True,25.61560252,94.11603493,landslide,downpour,medium,above_road,,,"Kisima, Nagaland","Kisima, Nagaland"
2280,2010-08-19 18:00:00,2010,8,231,India,IN,Maharashtra,Maharashtra,False,19.1935,73.0114,landslide,downpour,medium,unknown,6.0,,"Eknath(?) Chawl, Sainic Nagar(?), below Mumbra Hill, Mumbra, near Mumbai, Maharashtra","Eknath(?) Chawl, Sainic Nagar(?), below Mumbra Hill, Mumbra, near Mumbai, Maharashtra"
2291,2010-08-20 00:00:00,2010,8,232,India,IN,Uttarakhand,Uttarakhand,False,30.966,78.4151,landslide,downpour,medium,unknown,0.0,,"Ranachatti(?), route to Yamunotri, Garwhal division, Uttarakhand","Ranachatti(?), route to Yamunotri, Garwhal division, Uttarakhand"
2293,2010-08-20 00:00:00,2010,8,232,India,IN,Uttarakhand,Uttarakhand,False,30.7221,78.6437,landslide,downpour,medium,unknown,0.0,,"Nalupani(?), Rishikesh-Gangotri highway, Uttarkhand","Nalupani(?), Rishikesh-Gangotri highway, Uttarkhand"
2290,2010-08-20 00:00:00,2010,8,232,India,IN,Uttarakhand,Uttarakhand,False,30.6509,79.0264,landslide,downpour,medium,unknown,0.0,,"Gaurikund, road to Kedarnath, Garwhal division, Uttarakhand","Gaurikund, road to Kedarnath, Garwhal division, Uttarakhand"
2294,2010-08-20 00:00:00,2010,8,232,India,IN,Uttarakhand,Uttarakhand,False,30.3846,78.8371,landslide,downpour,medium,unknown,0.0,,"Lambagad(?), Rishikesh-Badrinath highway, Uttarakhand","Lambagad(?), Rishikesh-Badrinath highway, Uttarakhand"
2292,2010-08-20 00:00:00,2010,8,232,India,IN,Uttarakhand,Uttarakhand,False,30.8183,78.6186,landslide,downpour,medium,unknown,0.0,,"Bhatwari, Rishikesh-Gangotri highway, Uttarkhand","Bhatwari, Rishikesh-Gangotri highway, Uttarkhand"
2296,2010-08-20 00:00:00,2010,8,232,India,IN,Sikkim,Sikkim,True,27.167,88.3652,complex,downpour,medium,unknown,0.0,,"many locations around Namchi, Sikkim","many locations around Namchi, Sikkim"
2305,2010-08-21 00:00:00,2010,8,233,India,IN,Himachal Pradesh,Himachal Pradesh,False,31.5304,77.7755,landslide,downpour,medium,unknown,0.0,,"Jeori-Ganvi(?) rd, Kinnuar(Kinnaur) district, Himachal Pradesh","Jeori-Ganvi(?) rd, Kinnuar(Kinnaur) district, Himachal Pradesh"
2304,2010-08-21 18:00:00,2010,8,233,India,IN,Nāgāland,Nagaland,True,25.5718,94.1211,landslide,downpour,medium,unknown,0.0,,"NH 39 at Kigwema(?), between Mao Gate and Kohima, Nagaland","NH 39 at Kigwema(?), between Mao Gate and Kohima, Nagaland"
2310,2010-08-22 00:00:00,2010,8,234,India,IN,Haryana,Haryana,False,30.4084,77.0666,complex,downpour,medium,unknown,1.0,,"Srinagar-Garhwal area of Pauri district, Uttarakhand, Uttranchal","Srinagar-Garhwal area of Pauri district, Uttarakhand, Uttranchal"
2309,2010-08-22 00:00:00,2010,8,234,India,IN,Uttarakhand,Uttarakhand,False,30.4238,79.6724,landslide,downpour,medium,unknown,0.0,,"Chandoli(?) and Karchuna(?) vilalges, Pokkhri, Chamoli, Uttarakhand, Uttranchal","Chandoli(?) and Karchuna(?) vilalges, Pokkhri, Chamoli, Uttarakhand, Uttranchal"
2340,2010-08-26 00:00:00,2010,8,238,India,IN,Himachal Pradesh,Himachal Pradesh,False,32.7029,75.9568,landslide,downpour,medium,unknown,0.0,,"Koti bridge(?), Chamba-Langera-Bhadarwah border road connecting Doda district of Jammu and Kashmir with Himachal Pradesh","Koti bridge(?), Chamba-Langera-Bhadarwah border road connecting Doda district of Jammu and Kashmir with Himachal Pradesh"
2339,2010-08-26 08:00:00,2010,8,238,India,IN,Uttarakhand,Uttarakhand,False,30.365,78.0641,landslide,downpour,medium,unknown,0.0,,"Matak Mahari(?), near Dehradun, Uttarakhand","Matak Mahari(?), near Dehradun, Uttarakhand"
2338,2010-08-26 09:00:00,2010,8,238,India,IN,Andhra Pradesh,Andhra Pradesh,False,16.5141,80.6053,complex,downpour,medium,unknown,0.0,,"ghat road leading to Sri Kanakadurga(Kanaka Durga) temple, Indrakeeladri hill, Vijayawada city, Andhra Pradesh","ghat road leading to Sri Kanakadurga(Kanaka Durga) temple, Indrakeeladri hill, Vijayawada city, Andhra Pradesh"
2341,2010-08-26 23:00:00,2010,8,238,India,IN,,Unknown,False,27.2319,88.497,landslide,downpour,medium,unknown,0.0,,"NH-31A at Topakhani tunnel(?) and fruit preservation factory(?) and Chisopani bridge(?), near Singtam and Gangtok and Rangpo, Sikkim","NH-31A at Topakhani tunnel(?) and fruit preservation factory(?) and Chisopani bridge(?), near Singtam and Gangtok and Rangpo, Sikkim"
2343,2010-08-27 16:30:00,2010,8,239,India,IN,Nāgāland,Nagaland,True,25.4786,94.1327,landslide,downpour,medium,unknown,0.0,,"NH-39 at Ekai village(?), 2 km for Tadubi, Manipur","NH-39 at Ekai village(?), 2 km for Tadubi, Manipur"
2344,2010-08-27 16:30:00,2010,8,239,India,IN,Assam,Assam,True,24.7505,93.4221,landslide,downpour,medium,unknown,0.0,,"NH-53 at Nungba police station, Kambirong(?), Manipur","NH-53 at Nungba police station, Kambirong(?), Manipur"
2345,2010-08-27 18:00:00,2010,8,239,India,IN,Sikkim,Sikkim,True,27.3392,88.6188,landslide,downpour,medium,unknown,0.0,,"Daragaon(?), Gangtok city, Sikkim","Daragaon(?), Gangtok city, Sikkim"
2364,2010-08-30 05:00:00,2010,8,242,India,IN,Maharashtra,Maharashtra,False,19.2179,73.1694,landslide,downpour,medium,unknown,4.0,,"Ambedkar Nagar slum(?), Ulhasnagar city, Thane district, Maharashtra","Ambedkar Nagar slum(?), Ulhasnagar city, Thane district, Maharashtra"
2369,2010-08-31 00:00:00,2010,8,243,India,IN,Andhra Pradesh,Andhra Pradesh,False,16.5332,80.6103,landslide,downpour,medium,unknown,0.0,,"Chittinagar, Vijayawada city, Andhra Pradesh","Chittinagar, Vijayawada city, Andhra Pradesh"
2368,2010-08-31 09:00:00,2010,8,243,India,IN,Andhra Pradesh,Andhra Pradesh,False,16.5157,80.6525,landslide,downpour,medium,unknown,0.0,,"Brahmananda Reddy Nagar(?), Machavaram, Vijayawada city, Andhra Pradesh","Brahmananda Reddy Nagar(?), Machavaram, Vijayawada city, Andhra Pradesh"
2379,2010-09-03 00:00:00,2010,9,246,India,IN,Uttarakhand,Uttarakhand,False,30.2851,78.9829,landslide,downpour,medium,unknown,0.0,,"Rudraprayag, Rishikesh-Badrinath hwy","Rudraprayag, Rishikesh-Badrinath hwy"
2380,2010-09-03 00:00:00,2010,9,246,India,IN,Uttarakhand,Uttarakhand,False,30.4008,79.0278,landslide,downpour,medium,unknown,0.0,,"Bhatwari, Rishikesh-Gangotri hwy","Bhatwari, Rishikesh-Gangotri hwy"
2378,2010-09-03 00:00:00,2010,9,246,India,IN,Uttarakhand,Uttarakhand,False,30.135,78.3896,landslide,downpour,medium,unknown,0.0,,"Shivpuri, Rishikesh-Badrinath hwy","Shivpuri, Rishikesh-Badrinath hwy"
2390,2010-09-04 00:00:00,2010,9,247,India,IN,Uttarakhand,Uttarakhand,False,30.796,78.623,landslide,downpour,medium,unknown,0.0,,"Karmkund(?), on Rishikesh-Gangotri hwy","Karmkund(?), on Rishikesh-Gangotri hwy"
2389,2010-09-04 00:00:00,2010,9,247,India,IN,Uttarakhand,Uttarakhand,False,30.5004,79.3888,landslide,downpour,medium,unknown,0.0,,"Chhinka area(?), on Rishikesh-Badrinath hwy","Chhinka area(?), on Rishikesh-Badrinath hwy"
2392,2010-09-04 00:00:00,2010,9,247,India,IN,Sikkim,Sikkim,True,27.3702,88.7334,landslide,downpour,medium,unknown,0.0,,"17th mile(?), Jawaharlal Nehru Marg hwy, between Gangtok and Nathu La, Sikkim","17th mile(?), Jawaharlal Nehru Marg hwy, between Gangtok and Nathu La, Sikkim"
2391,2010-09-04 00:00:00,2010,9,247,India,IN,Uttarakhand,Uttarakhand,False,30.8987,78.3399,landslide,downpour,medium,unknown,0.0,,"Ranachatti(?), on road to Yamunotri","Ranachatti(?), on road to Yamunotri"
2397,2010-09-06 00:00:00,2010,9,249,India,IN,Himachal Pradesh,Himachal Pradesh,False,32.0987,77.1495,landslide,downpour,medium,unknown,0.0,,"road to Manali, Himachal Pradesh","road to Manali, Himachal Pradesh"
2405,2010-09-09 23:00:00,2010,9,252,India,IN,Arunāchal Pradesh,Arunachal Pradesh,True,28.3036,95.4112,landslide,downpour,medium,unknown,10.0,,"Mossing(Mosing) village(?), Upper Siang district, Arunachal Pradesh","Mossing(Mosing) village(?), Upper Siang district, Arunachal Pradesh"
2411,2010-09-10 00:00:00,2010,9,253,India,IN,Arunāchal Pradesh,Arunachal Pradesh,True,27.0011,93.7273,landslide,downpour,medium,unknown,0.0,,"districts Lakhimpur, Dhemaji, Golaghat, and Sonitpur, Assam province","districts Lakhimpur, Dhemaji, Golaghat, and Sonitpur, Assam province"
2414,2010-09-11 16:00:00,2010,9,254,India,IN,Haryana,Haryana,False,30.7059,76.9844,landslide,downpour,medium,unknown,0.0,,"Mandana(Madana) village(?), Panchkula-Morni rd, 20 km from Panchkula, Haryana","Mandana(Madana) village(?), Panchkula-Morni rd, 20 km from Panchkula, Haryana"
2416,2010-09-12 00:00:00,2010,9,255,India,IN,Uttarakhand,Uttarakhand,False,30.7333,78.4403,landslide,downpour,medium,unknown,0.0,,"Uttarkashi town, Uttarakhand","Uttarkashi town, Uttarakhand"
2415,2010-09-12 00:00:00,2010,9,255,India,IN,Nāgāland,Nagaland,True,25.63961883,94.11112157,landslide,downpour,medium,unknown,,,power lines 5 km from Kohima,power lines 5 km from Kohima
2424,2010-09-13 00:00:00,2010,9,256,India,IN,Mizoram,Mizoram,True,23.591,92.9296,landslide,downpour,medium,unknown,0.0,,"near Tuivawl(?), Aizawl-Champhai rd, Aizawl district, Mizoram","near Tuivawl(?), Aizawl-Champhai rd, Aizawl district, Mizoram"
2423,2010-09-13 00:00:00,2010,9,256,India,IN,Mizoram,Mizoram,True,23.73504471,92.71060943,landslide,downpour,medium,above_road,,,"road to Kanan Veng from Hunthar Veng, Mizoram","road to Kanan Veng from Hunthar Veng, Mizoram"
2426,2010-09-13 00:00:00,2010,9,256,India,IN,Mizoram,Mizoram,True,22.7176,92.8416,landslide,downpour,medium,unknown,0.0,,"Hual(Hu) village(?), Lunglei-Lawngtlai rd, Mizoram","Hual(Hu) village(?), Lunglei-Lawngtlai rd, Mizoram"
2420,2010-09-13 00:00:00,2010,9,256,India,IN,Mizoram,Mizoram,True,23.72988966,92.71495623,landslide,downpour,medium,urban,1.0,,"Tuikual 'C', Aizawl, Mizoram","Tuikual 'C', Aizawl, Mizoram"
2425,2010-09-13 00:00:00,2010,9,256,India,IN,Mizoram,Mizoram,True,23.3439,93.0748,landslide,downpour,medium,unknown,0.0,,"near Tuichang(?) on Tuichang river, Aizawl-Champhai rd, Mizoram","near Tuichang(?) on Tuichang river, Aizawl-Champhai rd, Mizoram"
2422,2010-09-13 00:00:00,2010,9,256,India,IN,Mizoram,Mizoram,True,23.74182634,92.7141905,landslide,downpour,medium,urban,,,"Hunthar Veng, Mizoram","Hunthar Veng, Mizoram"
2421,2010-09-13 09:00:00,2010,9,256,India,IN,Mizoram,Mizoram,True,23.75406693,92.74128531,landslide,downpour,medium,above_road,,,"road to Muanna Godown, Zuangtui, Mizoram","road to Muanna Godown, Zuangtui, Mizoram"
2427,2010-09-13 23:00:00,2010,9,256,India,IN,Himachal Pradesh,Himachal Pradesh,False,32.3109,77.2195,landslide,downpour,medium,unknown,0.0,,"near Rahni Nullah(?), on Manali-Rohtang hwy, Himachal Pradesh","near Rahni Nullah(?), on Manali-Rohtang hwy, Himachal Pradesh"
2432,2010-09-15 00:00:00,2010,9,258,India,IN,Himachal Pradesh,Himachal Pradesh,False,31.4135,77.895,landslide,downpour,medium,unknown,0.0,,"road to Sangla and Bhaba and Sorang(?) valleys, Kinnaur, Himachal Pradesh","road to Sangla and Bhaba and Sorang(?) valleys, Kinnaur, Himachal Pradesh"
2437,2010-09-16 00:00:00,2010,9,259,India,IN,Mizoram,Mizoram,True,23.7527,92.694,landslide,downpour,medium,unknown,0.0,,"Aizawl-Lengpui rd 3km from Aizawl, Mizoram, Manipur","Aizawl-Lengpui rd 3km from Aizawl, Mizoram, Manipur"
2436,2010-09-16 03:00:00,2010,9,259,India,IN,Mizoram,Mizoram,True,24.3069,93.125,landslide,downpour,medium,unknown,0.0,,"Taithu village, Churanchandpur district, Mizoram, Manipur","Taithu village, Churanchandpur district, Mizoram, Manipur"
2440,2010-09-17 00:00:00,2010,9,260,India,IN,Uttarakhand,Uttarakhand,False,30.75402442,79.49970189,landslide,downpour,very_large,unknown,,,"Maletha village, near Badrinath","Maletha village, near Badrinath"
2439,2010-09-17 09:00:00,2010,9,260,India,IN,Andhra Pradesh,Andhra Pradesh,False,16.5141,80.6055,landslide,downpour,medium,unknown,0.0,,"Indrakeeladri ghat rd, Vijayawada, Andhra Pradesh","Indrakeeladri ghat rd, Vijayawada, Andhra Pradesh"
2445,2010-09-18 00:00:00,2010,9,261,India,IN,Uttarakhand,Uttarakhand,False,30.1454,78.6007,landslide,downpour,medium,unknown,0.0,,"near Devprayag, Rishikesh-Badrinath hwy, ","near Devprayag, Rishikesh-Badrinath hwy, "
2444,2010-09-18 00:00:00,2010,9,261,India,IN,Uttarakhand,Uttarakhand,False,29.2484,79.5371,landslide,downpour,medium,unknown,4.0,,"Nainital district, Uttarakhand","Nainital district, Uttarakhand"
2443,2010-09-18 00:00:00,2010,9,261,India,IN,Uttarakhand,Uttarakhand,False,29.6042,79.5343,landslide,downpour,large,unknown,24.0,,"villages Pilkha(?), Devali(?), and Balta(?), Avalbagh block(?), Almora(Almorah) district, Uttarakhand","villages Pilkha(?), Devali(?), and Balta(?), Avalbagh block(?), Almora(Almorah) district, Uttarakhand"
2457,2010-09-19 00:00:00,2010,9,262,India,IN,Himachal Pradesh,Himachal Pradesh,False,31.563,77.9796,rock_fall,downpour,medium,unknown,1.0,,"Nathpa Jhulla, between Rampur and Peo, Kinnaur, Himachal Pradesh","Nathpa Jhulla, between Rampur and Peo, Kinnaur, Himachal Pradesh"
2466,2010-09-19 00:00:00,2010,9,262,India,IN,Himachal Pradesh,Himachal Pradesh,False,30.8741,76.9576,landslide,downpour,medium,unknown,0.0,,"Kasauli-Parwanoo rd, Himachal Pradesh","Kasauli-Parwanoo rd, Himachal Pradesh"
2460,2010-09-19 00:00:00,2010,9,262,India,IN,Himachal Pradesh,Himachal Pradesh,False,31.9843,77.1889,landslide,downpour,medium,unknown,0.0,,"roads to Manali, Himachal Pradesh","roads to Manali, Himachal Pradesh"
2468,2010-09-19 00:00:00,2010,9,262,India,IN,Himachal Pradesh,Himachal Pradesh,False,30.9035,77.0965,landslide,downpour,medium,unknown,0.0,,"Pulbhal(?)-Solan rd, Himachal Pradesh","Pulbhal(?)-Solan rd, Himachal Pradesh"
2471,2010-09-19 00:00:00,2010,9,262,India,IN,Uttarakhand,Uttarakhand,False,29.7911,80.058,landslide,downpour,medium,unknown,0.0,,"roads above Pithoragarh, Uttranchal","roads above Pithoragarh, Uttranchal"
2462,2010-09-19 00:00:00,2010,9,262,India,IN,Himachal Pradesh,Himachal Pradesh,False,30.9086,77.1103,landslide,downpour,medium,unknown,0.0,,"near Solan, Kalka-Shimla hwy, Himachal Pradesh","near Solan, Kalka-Shimla hwy, Himachal Pradesh"
2469,2010-09-19 00:00:00,2010,9,262,India,IN,Himachal Pradesh,Himachal Pradesh,False,30.9009,77.4668,landslide,downpour,medium,unknown,0.0,,"Rajgarh-Habban road, Himachal Pradesh","Rajgarh-Habban road, Himachal Pradesh"
2465,2010-09-19 00:00:00,2010,9,262,India,IN,Himachal Pradesh,Himachal Pradesh,False,31.4161,77.4153,landslide,downpour,medium,unknown,0.0,,"Karsog-Rampur rd, Himachal Pradesh","Karsog-Rampur rd, Himachal Pradesh"
2463,2010-09-19 00:00:00,2010,9,262,India,IN,Himachal Pradesh,Himachal Pradesh,False,31.1191,77.5092,landslide,downpour,medium,unknown,0.0,,"Theog-Kotkhai-Jubbal road, Himachal Pradesh","Theog-Kotkhai-Jubbal road, Himachal Pradesh"
2461,2010-09-19 00:00:00,2010,9,262,India,IN,Himachal Pradesh,Himachal Pradesh,False,31.4582,78.2114,landslide,downpour,medium,unknown,0.0,,"Karcham-Sangla rd, Himachal Pradesh","Karcham-Sangla rd, Himachal Pradesh"
2458,2010-09-19 00:00:00,2010,9,262,India,IN,Uttarakhand,Uttarakhand,False,30.9015,78.7756,landslide,downpour,medium,unknown,0.0,,"roads to Gangotri, Uttarakhand","roads to Gangotri, Uttarakhand"
2467,2010-09-19 00:00:00,2010,9,262,India,IN,Himachal Pradesh,Himachal Pradesh,False,30.7198,77.1695,landslide,downpour,medium,unknown,0.0,,"Kumarhatti-Nahan road, Himachal Pradesh","Kumarhatti-Nahan road, Himachal Pradesh"
2464,2010-09-19 00:00:00,2010,9,262,India,IN,Himachal Pradesh,Himachal Pradesh,False,30.9544,77.5063,landslide,downpour,medium,unknown,0.0,,"road to Chopal, Himachal Pradesh","road to Chopal, Himachal Pradesh"
2456,2010-09-19 00:00:00,2010,9,262,India,IN,Uttarakhand,Uttarakhand,False,30.7991,79.4356,landslide,downpour,medium,unknown,0.0,,"near Bagri Glacier(?), Gopeswar(Gopeshwar), Chamoli district, Uttarakhand","near Bagri Glacier(?), Gopeswar(Gopeshwar), Chamoli district, Uttarakhand"
2470,2010-09-19 00:00:00,2010,9,262,India,IN,Uttarakhand,Uttarakhand,False,30.4326,78.0767,landslide,downpour,medium,unknown,0.0,,"Dehradun-Mussoorie rd, Himachal Pradesh","Dehradun-Mussoorie rd, Himachal Pradesh"
2459,2010-09-19 00:00:00,2010,9,262,India,IN,Uttarakhand,Uttarakhand,False,29.5477,79.3211,landslide,downpour,medium,unknown,0.0,,"roads to Rani Khet(Ranikhet) and Jolle Kote(?), Uttarakhand","roads to Rani Khet(Ranikhet) and Jolle Kote(?), Uttarakhand"
2455,2010-09-19 00:00:00,2010,9,262,India,IN,Uttarakhand,Uttarakhand,False,30.1035,78.4265,landslide,downpour,medium,unknown,0.0,,"road to Shivpur(Shivpuri), Pauri Garhwal district, Uttarakhand","road to Shivpur(Shivpuri), Pauri Garhwal district, Uttarakhand"
2452,2010-09-19 09:00:00,2010,9,262,India,IN,Uttarakhand,Uttarakhand,False,30.1977,77.9137,landslide,downpour,medium,unknown,0.0,,"near Mohand, Dehradun-Delhi hwy, Uttar Pradesh","near Mohand, Dehradun-Delhi hwy, Uttar Pradesh"
2453,2010-09-19 18:00:00,2010,9,262,India,IN,Uttarakhand,Uttarakhand,False,29.6131,79.494,landslide,downpour,medium,unknown,0.0,,"near Chausali village(?), Almora district, Uttarakhand","near Chausali village(?), Almora district, Uttarakhand"
2454,2010-09-19 18:00:00,2010,9,262,India,IN,Uttarakhand,Uttarakhand,False,30.9013,79.5322,landslide,downpour,medium,unknown,2.0,,"near Mt. Kamet and Ghastoli village, near Mana pass, Chamoli district, Uttarakhand","near Mt. Kamet and Ghastoli village, near Mana pass, Chamoli district, Uttarakhand"
2476,2010-09-20 00:00:00,2010,9,263,India,IN,Uttarakhand,Uttarakhand,False,29.3987,79.4841,landslide,downpour,medium,unknown,0.0,,"NH-87 near Naintital, Uttarakhand","NH-87 near Naintital, Uttarakhand"
2478,2010-09-20 00:00:00,2010,9,263,India,IN,Uttarakhand,Uttarakhand,False,30.7332,78.4401,landslide,downpour,medium,unknown,0.0,,"roads around Uttarkashi, Uttarakhand","roads around Uttarkashi, Uttarakhand"
2475,2010-09-20 00:00:00,2010,9,263,India,IN,Himachal Pradesh,Himachal Pradesh,False,31.1581,77.7155,landslide,downpour,medium,unknown,0.0,,"roads between Jubbal and Rohru, Shimla, Himachal Pradesh","roads between Jubbal and Rohru, Shimla, Himachal Pradesh"
2480,2010-09-20 00:00:00,2010,9,263,India,IN,Himachal Pradesh,Himachal Pradesh,False,31.944,77.1179,landslide,downpour,medium,unknown,0.0,,"Kullu village(or district?) below agricultural lands, Himachal Pradesh","Kullu village(or district?) below agricultural lands, Himachal Pradesh"
2479,2010-09-20 00:00:00,2010,9,263,India,IN,Himachal Pradesh,Himachal Pradesh,False,31.5699,78.2844,landslide,downpour,medium,unknown,0.0,,"Pangi, NH-22, Himachal Pradesh","Pangi, NH-22, Himachal Pradesh"
2488,2010-09-22 00:00:00,2010,9,265,India,IN,Himachal Pradesh,Himachal Pradesh,False,31.0215,77.1038,landslide,downpour,medium,unknown,0.0,,"between Kathalighat(Kathleeghat) and Knoh(?) stations, rail line between Solan and Shimla 15 km form Shimla, Himachal Pradesh","between Kathalighat(Kathleeghat) and Knoh(?) stations, rail line between Solan and Shimla 15 km form Shimla, Himachal Pradesh"
2492,2010-09-23 00:00:00,2010,9,266,India,IN,Kashmir,Jammu and Kashmir,False,33.27140108,75.17707406,landslide,downpour,medium,above_road,,,"Jammu-Srinagar hwy, Magarkote area, Ramban district, Jammu and Kashmir","Jammu-Srinagar hwy, Magarkote area, Ramban district, Jammu and Kashmir"
2495,2010-09-24 01:00:00,2010,9,267,India,IN,Kerala,Kerala,False,9.8988,76.3902,landslide,downpour,medium,unknown,0.0,,"rail line between Mulanthuruthy and Piravom near Mulanthruth, Kerala","rail line between Mulanthuruthy and Piravom near Mulanthruth, Kerala"
2502,2010-09-25 00:00:00,2010,9,268,India,IN,Kashmir,Jammu and Kashmir,False,33.241,75.2382,landslide,downpour,medium,unknown,0.0,,"Dharam-Tharad area(?), Ramban district","Dharam-Tharad area(?), Ramban district"
2537,2010-10-03 00:00:00,2010,10,276,India,IN,Karnataka,Karnataka,False,12.9711,76.2728,landslide,rain,medium,unknown,0.0,,"Channarāyapatna : The train services between the city and Bangalore, which were disrupted due to the landslide between Yedakumeri and Siribagilu stat*",
2538,2010-10-03 00:00:00,2010,10,276,India,IN,Himachal Pradesh,Himachal Pradesh,False,30.9141,76.818,landslide,continuous_rain,medium,unknown,0.0,,"road from Pinjore(Pinjaur), Haryana to Nalagarh, Himachal Pradesh","road from Pinjore(Pinjaur), Haryana to Nalagarh, Himachal Pradesh"
2539,2010-10-03 00:00:00,2010,10,276,India,IN,Arunāchal Pradesh,Arunachal Pradesh,True,28.3092,95.4149,landslide,downpour,medium,unknown,10.0,,"Mosing village, Upper Siang district, Arunachal Pradesh","Mosing village, Upper Siang district, Arunachal Pradesh"
2536,2010-10-03 19:00:00,2010,10,276,India,IN,Karnataka,Karnataka,False,12.7796,75.5844,landslide,unknown,medium,unknown,0.0,,Sakleshpur : A landslide at Sirivagilu near Subramanya forced cancellation of Kannur-Yeshwanthpur train on Sunday evening. A retaining wall built nea*,
2546,2010-10-04 00:00:00,2010,10,277,India,IN,Himachal Pradesh,Himachal Pradesh,False,30.9546,77.1792,landslide,downpour,medium,unknown,0.0,,"Roads between Sunnu Pal and Chail, Himachal Pradesh","Roads between Sunnu Pal and Chail, Himachal Pradesh"
2566,2010-10-08 00:00:00,2010,10,281,India,IN,Nāgāland,Nagaland,True,25.4769,94.1351,mudslide,downpour,medium,unknown,0.0,,"Sahong, Tabu and Pani village under Tadubi police station of Senapati district, NH-39","Sahong, Tabu and Pani village under Tadubi police station of Senapati district, NH-39"
2569,2010-10-08 00:00:00,2010,10,281,India,IN,Nāgāland,Nagaland,True,25.2745,94.0212,landslide,downpour,medium,unknown,0.0,,"Bungte Chiru village(?), Senapati district, Manipur","Bungte Chiru village(?), Senapati district, Manipur"
2567,2010-10-08 00:00:00,2010,10,281,India,IN,Manipur,Manipur,True,25.6633,94.4703,complex,downpour,medium,unknown,0.0,,"Phek, Manipur","Phek, Manipur"
2568,2010-10-08 00:00:00,2010,10,281,India,IN,Assam,Assam,True,24.7679,93.4108,landslide,downpour,medium,unknown,0.0,,"Nungba, Tamenglong, Manipur","Nungba, Tamenglong, Manipur"
2570,2010-10-08 00:00:00,2010,10,281,India,IN,Manipur,Manipur,True,24.837,93.9128,landslide,downpour,medium,unknown,0.0,,"Tharon(?) and Langol Tarung villages, Thangmeiband constituency, Imphal, Manipur","Tharon(?) and Langol Tarung villages, Thangmeiband constituency, Imphal, Manipur"
2575,2010-10-09 00:00:00,2010,10,282,India,IN,Assam,Assam,True,25.5242,92.9914,landslide,downpour,medium,unknown,0.0,,"road between Haflong and Lanka, Assam","road between Haflong and Lanka, Assam"
2577,2010-10-09 00:00:00,2010,10,282,India,IN,Nāgāland,Nagaland,True,25.5265,93.8673,landslide,downpour,medium,unknown,0.0,,"NH-39 near Khongnem(?) village, between Imphal and Dimapur, Manipur","NH-39 near Khongnem(?) village, between Imphal and Dimapur, Manipur"
2578,2010-10-09 00:00:00,2010,10,282,India,IN,Nāgāland,Nagaland,True,25.3179,94.0462,landslide,downpour,medium,unknown,0.0,,"NH-39 in Karong area, Manipur","NH-39 in Karong area, Manipur"
2576,2010-10-09 00:00:00,2010,10,282,India,IN,Nāgāland,Nagaland,True,25.4788,94.1399,landslide,downpour,medium,unknown,0.0,,"NH-39 at Tobio village(?), 7 km form Tadubi, Manipur","NH-39 at Tobio village(?), 7 km form Tadubi, Manipur"
2579,2010-10-09 00:00:00,2010,10,282,India,IN,Nāgāland,Nagaland,True,25.682,94.1076,landslide,downpour,medium,unknown,0.0,,"Lower Pezielietsie(Tinpati), Kohima, Manipur","Lower Pezielietsie(Tinpati), Kohima, Manipur"
2573,2010-10-09 00:00:00,2010,10,282,India,IN,Assam,Assam,True,25.1796,93.0083,mudslide,downpour,medium,unknown,1.0,,"Haflong, Assam","Haflong, Assam"
2574,2010-10-09 00:00:00,2010,10,282,India,IN,Assam,Assam,True,25.4749,93.1477,landslide,downpour,medium,unknown,0.0,,"between Mahur and Maigrandisa(?) or Lumding, Assam","between Mahur and Maigrandisa(?) or Lumding, Assam"
2587,2010-10-10 06:00:00,2010,10,283,India,IN,Nāgāland,Nagaland,True,25.6623,94.1072,landslide,downpour,medium,unknown,0.0,,"Lower Chandmari area, PWD department, Kohima, Manipur","Lower Chandmari area, PWD department, Kohima, Manipur"
2590,2010-10-11 00:00:00,2010,10,284,India,IN,Andhra Pradesh,Andhra Pradesh,False,16.5141,80.6058,landslide,downpour,medium,unknown,0.0,,"ghat road of the Kanaka Durga temple, Vijayawada district","ghat road of the Kanaka Durga temple, Vijayawada district"
2594,2010-10-12 18:00:00,2010,10,285,India,IN,Kashmir,Jammu and Kashmir,False,33.1847,75.8062,landslide,downpour,medium,unknown,0.0,,"Kulgadi, Doda-Kishtwar highway (NH-1B)","Kulgadi, Doda-Kishtwar highway (NH-1B)"
2596,2010-10-14 19:30:00,2010,10,287,India,IN,Himachal Pradesh,Himachal Pradesh,False,31.5158,78.2619,landslide,rain,medium,unknown,,,road linking Sangla Valley with Recong-Peo of Kinnaur district  at Kupaa,road linking Sangla Valley with Recong-Peo of Kinnaur district  at Kupaa
2645,2010-10-21 23:00:00,2010,10,294,India,IN,Kashmir,Jammu and Kashmir,False,34.0887,74.0227,landslide,downpour,medium,unknown,3.0,,"Tikri village(?) near LoC, Uri sector, Baramulla district, Jammu and Kashmir","Tikri village(?) near LoC, Uri sector, Baramulla district, Jammu and Kashmir"
2648,2010-10-22 00:00:00,2010,10,295,India,IN,Kashmir,Jammu and Kashmir,False,33.0107,74.9397,landslide,downpour,medium,unknown,1.0,,"near Himkoti(?), on road to Bhawan(Vaishno Devi temple) at Katra, Jammu and Kashmir","near Himkoti(?), on road to Bhawan(Vaishno Devi temple) at Katra, Jammu and Kashmir"
2654,2010-10-27 18:00:00,2010,10,300,India,IN,Kerala,Kerala,False,9.8678,76.7705,landslide,downpour,medium,unknown,2.0,,"Poochapra(?), near Thodupuzha, Kattappana, Kerala","Poochapra(?), near Thodupuzha, Kattappana, Kerala"
2676,2010-10-31 00:00:00,2010,10,304,India,IN,Andhra Pradesh,Andhra Pradesh,False,18.2733,83.0645,landslide,downpour,medium,unknown,0.0,,"railroad between Chimidipalli and Borra caves stations, Andhra Pradesh","railroad between Chimidipalli and Borra caves stations, Andhra Pradesh"
2709,2010-11-08 19:00:00,2010,11,312,India,IN,Karnataka,Karnataka,False,14.7822,74.2279,rock_fall,downpour,medium,unknown,1.0,,rails between Amdalli(?) and near Thodor(Todur) stations bordering Ankola and Karwar talukas in Uttar Kanara district of neighbouring Karnataka,rails between Amdalli(?) and near Thodor(Todur) stations bordering Ankola and Karwar talukas in Uttar Kanara district of neighbouring Karnataka
2711,2010-11-11 00:00:00,2010,11,315,India,IN,Karnataka,Karnataka,False,12.8806,75.0327,landslide,downpour,medium,unknown,0.0,,"Bantwal Cross (BC) road flyover, NH48, between Mangalore and Beltangady(Belthangady) and Puttur, Bantwal, Karnataka","Bantwal Cross (BC) road flyover, NH48, between Mangalore and Beltangady(Belthangady) and Puttur, Bantwal, Karnataka"
2729,2010-11-16 00:00:00,2010,11,320,India,IN,Tamil Nadu,Tamil Nadu,False,10.3184,77.5277,landslide,downpour,medium,unknown,0.0,,"road near Saverikadu village(?), between Palani and Kodaikanal, Tamil Nadu province","road near Saverikadu village(?), between Palani and Kodaikanal, Tamil Nadu province"
2743,2010-11-22 00:00:00,2010,11,326,India,IN,Arunāchal Pradesh,Arunachal Pradesh,True,27.5798729,91.85672387,landslide,unknown,medium,natural_slope,,,"Tawang Monastery, Arunachal Pradesh","Tawang Monastery, Arunachal Pradesh"
2745,2010-11-23 08:00:00,2010,11,327,India,IN,Tamil Nadu,Tamil Nadu,False,10.2462,77.582,landslide,downpour,medium,unknown,0.0,,"Kodaikanal-Thandigudi(Thandikudi)-Batlagundu hill road, Tamil Nadu province","Kodaikanal-Thandigudi(Thandikudi)-Batlagundu hill road, Tamil Nadu province"
2798,2010-12-09 23:00:00,2010,12,343,India,IN,Tamil Nadu,Tamil Nadu,False,8.3295,77.1963,landslide,downpour,medium,unknown,0.0,,Kuzhithura-Erannial(Erani)(?) section of Nagercoil-Thiruvananthapuram railway,Kuzhithura-Erannial(Erani)(?) section of Nagercoil-Thiruvananthapuram railway
2963,2011-01-11 00:00:00,2011,1,11,India,IN,Goa,Goa,False,15.4838,73.8164,landslide,construction,medium,unknown,0.0,,"St Inez construction site, Panaji","St Inez construction site, Panaji"
3097,2011-02-07 00:00:00,2011,2,38,India,IN,Kashmir,Jammu and Kashmir,False,33.35406635,75.17240669,landslide,downpour,medium,above_road,,,"Jammu-Srinagar highway, Pathal area, Ramban district, Jammu and Kashmir","Jammu-Srinagar highway, Pathal area, Ramban district, Jammu and Kashmir"
3116,2011-02-13 00:00:00,2011,2,44,India,IN,Kashmir,Jammu and Kashmir,False,33.33875958,75.1921061,landslide,rain,medium,above_road,,,"Srinagar-Jammu Natl. Hwy., at Panthal, Srinagar, Jammu and Kashmir","Srinagar-Jammu Natl. Hwy., at Panthal, Srinagar, Jammu and Kashmir"
3114,2011-02-13 00:00:00,2011,2,44,India,IN,Kashmir,Jammu and Kashmir,False,33.1804,75.8101,landslide,snowfall_snowmelt,medium,unknown,0.0,,"Batote-Doda-Kishtwar road, at Jathi(?) and Drabshalla, Jammu and Kashmir","Batote-Doda-Kishtwar road, at Jathi(?) and Drabshalla, Jammu and Kashmir"
3115,2011-02-13 00:00:00,2011,2,44,India,IN,Kashmir,Jammu and Kashmir,False,33.3037,75.1827,landslide,snowfall_snowmelt,medium,unknown,0.0,,"Srinagar-Jammu Natl. Hwy., at Digdole(Digdol)(9 km south of Panthal), Srinagar, Jammu and Kashmir","Srinagar-Jammu Natl. Hwy., at Digdole(Digdol)(9 km south of Panthal), Srinagar, Jammu and Kashmir"
3117,2011-02-13 22:00:00,2011,2,44,India,IN,Kashmir,Jammu and Kashmir,False,33.0165,74.9437,landslide,downpour,medium,unknown,0.0,,"trail between Adh Kuwari(Adhkuwari) temple and Shri Mata Vaishno Devi Cave Shrine, Trikuta Hills(?), near Katra, Reasi, Jammu and Kashmir","trail between Adh Kuwari(Adhkuwari) temple and Shri Mata Vaishno Devi Cave Shrine, Trikuta Hills(?), near Katra, Reasi, Jammu and Kashmir"
3113,2011-02-13 23:00:00,2011,2,44,India,IN,Kashmir,Jammu and Kashmir,False,33.577,74.1872,landslide,downpour,medium,unknown,0.0,,"road between Rajouri(Rajauri) and Poonch(Punch), Jammu and Kashmir","road between Rajouri(Rajauri) and Poonch(Punch), Jammu and Kashmir"
3127,2011-02-16 18:00:00,2011,2,47,India,IN,Kashmir,Jammu and Kashmir,False,33.3308,75.1774,landslide,downpour,medium,unknown,0.0,,"near Digdol, Jammu-Srinagar hwy, Jammu and Kashmir","near Digdol, Jammu-Srinagar hwy, Jammu and Kashmir"
3128,2011-02-16 18:00:00,2011,2,47,India,IN,Kashmir,Jammu and Kashmir,False,33.2609,75.244,landslide,downpour,medium,unknown,0.0,,"near Ramban, Jammu-Srinagar hwy, Jammu and Kashmir","near Ramban, Jammu-Srinagar hwy, Jammu and Kashmir"
3141,2011-02-23 00:00:00,2011,2,54,India,IN,Uttarakhand,Uttarakhand,False,30.4749,79.2293,landslide,downpour,medium,unknown,0.0,,"Rishikesh-Badrinath national highway to Rudraprayag, Chamoli, and Badrinath, Uttarakhand","Rishikesh-Badrinath national highway to Rudraprayag, Chamoli, and Badrinath, Uttarakhand"
3143,2011-02-24 00:00:00,2011,2,55,India,IN,Kashmir,Jammu and Kashmir,False,33.3307,75.1772,landslide,downpour,medium,unknown,0.0,,"Jammu-Srinagar National Highway, Digdol area, Jammu and Kashmir","Jammu-Srinagar National Highway, Digdol area, Jammu and Kashmir"
3146,2011-02-25 00:00:00,2011,2,56,India,IN,Himachal Pradesh,Himachal Pradesh,False,32.2338,77.1784,rock_fall,continuous_rain,medium,unknown,0.0,,"road near Manali, Kullu","road near Manali, Kullu"
3159,2011-03-01 15:00:00,2011,3,60,India,IN,Kashmir,Jammu and Kashmir,False,33.2477,75.1919,landslide,downpour,medium,unknown,0.0,,"Shetani Nallah(?), Jammu-Srinagar National Highway, Jammu and Kashmir","Shetani Nallah(?), Jammu-Srinagar National Highway, Jammu and Kashmir"
3171,2011-03-03 23:00:00,2011,3,62,India,IN,Kashmir,Jammu and Kashmir,False,33.2257,75.6695,landslide,downpour,medium,unknown,1.0,,"Srawan village(?), Batote-Doda-Kishtwar road, Kishtwar district","Srawan village(?), Batote-Doda-Kishtwar road, Kishtwar district"
3174,2011-03-05 00:00:00,2011,3,64,India,IN,Himachal Pradesh,Himachal Pradesh,False,32.0996,77.1586,landslide,downpour,medium,unknown,0.0,,"Kullu-Manali rd, Himachal Pradesh","Kullu-Manali rd, Himachal Pradesh"
3250,2011-03-19 00:00:00,2011,3,78,India,IN,Kashmir,Jammu and Kashmir,False,33.3308,75.1773,landslide,downpour,medium,unknown,0.0,,"Jammu-Srinagar hwy, Digdol, Ramban, Jammu and Kashmir","Jammu-Srinagar hwy, Digdol, Ramban, Jammu and Kashmir"
3252,2011-03-19 00:00:00,2011,3,78,India,IN,Kashmir,Jammu and Kashmir,False,33.2466,75.1611,landslide,downpour,medium,unknown,0.0,,"Jammu-Srinagar hwy, Sheeri(?), Ramban, Jammu and Kashmir","Jammu-Srinagar hwy, Sheeri(?), Ramban, Jammu and Kashmir"
3251,2011-03-19 00:00:00,2011,3,78,India,IN,Kashmir,Jammu and Kashmir,False,33.3390327,75.1916877,landslide,downpour,medium,above_road,,,"Jammu-Srinagar hwy, Panthal, Ramban, Jammu and Kashmir","Jammu-Srinagar hwy, Panthal, Ramban, Jammu and Kashmir"
3269,2011-03-22 00:00:00,2011,3,81,India,IN,Arunāchal Pradesh,Arunachal Pradesh,True,28.0791,96.5242,landslide,downpour,medium,unknown,0.0,,"road from other districts to Hawai(Tawai?) which is  on Lojit river, near Hayuliang,  Anjaw district, Arunachal Pradesh","road from other districts to Hawai(Tawai?) which is  on Lojit river, near Hayuliang,  Anjaw district, Arunachal Pradesh"
3342,2011-04-06 00:00:00,2011,4,96,India,IN,Kashmir,Jammu and Kashmir,False,34.2101,74.3445,landslide,downpour,medium,unknown,0.0,,"Latiefabad(?) and Khawar(Kawhar)(?) hamlets, Sheeri(?) area, Baramulla district","Latiefabad(?) and Khawar(Kawhar)(?) hamlets, Sheeri(?) area, Baramulla district"
3374,2011-04-17 00:00:00,2011,4,107,India,IN,Kashmir,Jammu and Kashmir,False,34.1802,74.2718,landslide,downpour,medium,unknown,0.0,,"Khadpora(?), Kandi area(?) on the outskirts of the Baramulla town, Jammu and Kashmir","Khadpora(?), Kandi area(?) on the outskirts of the Baramulla town, Jammu and Kashmir"
3376,2011-04-17 00:00:00,2011,4,107,India,IN,Kashmir,Jammu and Kashmir,False,33.1488,75.5526,landslide,downpour,medium,unknown,5.0,,"Kundial village(?) or Bopa Pull(?) of Kashtigarh(Kastigarh )(?) or Bhogal village(?), Doda district, Jammu","Kundial village(?) or Bopa Pull(?) of Kashtigarh(Kastigarh )(?) or Bhogal village(?), Doda district, Jammu"
3375,2011-04-17 00:00:00,2011,4,107,India,IN,Kashmir,Jammu and Kashmir,False,33.2599,75.8886,landslide,downpour,medium,unknown,1.0,,"Shanna(?), Jammu province","Shanna(?), Jammu province"
3373,2011-04-17 15:00:00,2011,4,107,India,IN,Kashmir,Jammu and Kashmir,False,33.3645,75.1999,landslide,downpour,medium,unknown,0.0,,"Jammu and Srinagar Natl. Hwy., Panthal, Ramban","Jammu and Srinagar Natl. Hwy., Panthal, Ramban"
3380,2011-04-19 00:00:00,2011,4,109,India,IN,Kashmir,Jammu and Kashmir,False,33.5808,74.9035,landslide,downpour,medium,unknown,0.0,,"Gudder village(?), Kulgam district, Jammu and Kashmir","Gudder village(?), Kulgam district, Jammu and Kashmir"
3525,2011-05-22 00:00:00,2011,5,142,India,IN,Assam,Assam,True,25.0672,93.4093,landslide,downpour,medium,unknown,0.0,,"Kaiphundai(?)-Tousem(in Assam) road, Tamenglong district, Manipur","Kaiphundai(?)-Tousem(in Assam) road, Tamenglong district, Manipur"
3532,2011-05-24 00:00:00,2011,5,144,India,IN,Assam,Assam,True,25.0888,92.8551,complex,downpour,medium,unknown,0.0,,"Silchar-Haflong rd., at Reko(Rekha )(?), near Harangajao, Barail Hills, Assam","Silchar-Haflong rd., at Reko(Rekha )(?), near Harangajao, Barail Hills, Assam"
3557,2011-05-31 00:00:00,2011,5,151,India,IN,Kerala,Kerala,False,9.8012,76.9006,landslide,downpour,medium,unknown,0.0,,"Kulamavu region, Kerala","Kulamavu region, Kerala"
3558,2011-05-31 00:00:00,2011,5,151,India,IN,Uttarakhand,Uttarakhand,False,30.9206,78.3276,landslide,rain,medium,unknown,0.0,,"road to Yamunotri shrine, Uttarakashi","road to Yamunotri shrine, Uttarakashi"
3556,2011-05-31 14:00:00,2011,5,151,India,IN,Manipur,Manipur,True,25.1555,93.8474,landslide,continuous_rain,small,unknown,0.0,,"Roads between Tamei(Tamma?), Kangpokpi and Chalwa, Manipur","Roads between Tamei(Tamma?), Kangpokpi and Chalwa, Manipur"
3560,2011-05-31 14:30:00,2011,5,151,India,IN,Manipur,Manipur,True,24.8286,93.5935,landslide,downpour,medium,unknown,2.0,,"Gaoilung(Gadailong) village(?), Ward 4(?), Tamenglong, Manipur","Gaoilung(Gadailong) village(?), Ward 4(?), Tamenglong, Manipur"
3559,2011-05-31 18:00:00,2011,5,151,India,IN,Uttarakhand,Uttarakhand,False,30.4783,78.2741,landslide,rain,medium,unknown,1.0,,"Chhatanga(?) village on Rishikesh-Yamunotri highway, Uttarkashi ","Chhatanga(?) village on Rishikesh-Yamunotri highway, Uttarkashi "
3562,2011-06-01 23:00:00,2011,6,152,India,IN,Kerala,Kerala,False,9.6326,76.9792,landslide,downpour,medium,unknown,0.0,,"Kottayam-Kattapana road, at Ellapara(Elappara) village, Idukki, Kerala","Kottayam-Kattapana road, at Ellapara(Elappara) village, Idukki, Kerala"
3568,2011-06-02 00:00:00,2011,6,153,India,IN,Kerala,Kerala,False,9.8721,76.7046,landslide,downpour,medium,unknown,0.0,,"Thodpuzha(Thodupuzha) municipality, Idukki, Kerala","Thodpuzha(Thodupuzha) municipality, Idukki, Kerala"
3565,2011-06-02 00:00:00,2011,6,153,India,IN,Kerala,Kerala,False,9.8306,76.9408,landslide,downpour,medium,unknown,0.0,,"Idukki taluk, Kerala","Idukki taluk, Kerala"
3567,2011-06-02 00:00:00,2011,6,153,India,IN,Tamil Nadu,Tamil Nadu,False,9.5207,77.0198,landslide,downpour,medium,unknown,0.0,,"Peermade(Pīrmed), Idukki district, Kerala","Peermade(Pīrmed), Idukki district, Kerala"
3566,2011-06-02 00:00:00,2011,6,153,India,IN,Kerala,Kerala,False,10.0838,77.0696,landslide,downpour,medium,unknown,0.0,,"Munnar, Idukki district, Kerala","Munnar, Idukki district, Kerala"
3577,2011-06-07 00:00:00,2011,6,158,India,IN,Uttarakhand,Uttarakhand,False,30.5319,79.3541,landslide,downpour,medium,unknown,0.0,,"road to Badrinath shrine, Uttarakhand","road to Badrinath shrine, Uttarakhand"
3578,2011-06-07 09:00:00,2011,6,158,India,IN,Uttarakhand,Uttarakhand,False,30.2414,78.908,landslide,downpour,medium,unknown,0.0,,"Rishikesh-Badrinath hwy., near Sirobgarh(Sirobagad), Rudraprayag district, Uttarakhand","Rishikesh-Badrinath hwy., near Sirobgarh(Sirobagad), Rudraprayag district, Uttarakhand"
3579,2011-06-08 00:00:00,2011,6,159,India,IN,Kashmir,Jammu and Kashmir,False,33.1289,75.4325,landslide,downpour,medium,unknown,4.0,,"Batote-Doda Highway, Ramgarh(?), Baggar(Bagger)(?) area, Doda district, Jammu and Kashmir","Batote-Doda Highway, Ramgarh(?), Baggar(Bagger)(?) area, Doda district, Jammu and Kashmir"
3581,2011-06-09 00:00:00,2011,6,160,India,IN,Kashmir,Jammu and Kashmir,False,33.1617,75.3278,landslide,downpour,medium,unknown,1.0,,"Baglihar Dam, on river Chenab, Chanderkote in Banihal, Ramban , Jammu and Kashmir","Baglihar Dam, on river Chenab, Chanderkote in Banihal, Ramban , Jammu and Kashmir"
3609,2011-06-14 00:00:00,2011,6,165,India,IN,Karnataka,Karnataka,False,14.0354,74.6624,landslide,downpour,medium,unknown,0.0,,Coastal Karnataka,Coastal Karnataka
3611,2011-06-14 00:00:00,2011,6,165,India,IN,Himachal Pradesh,Himachal Pradesh,False,32.3709,77.2466,landslide,downpour,medium,unknown,0.0,,"The Leh-Manali hwy, Himachal Pradesh","The Leh-Manali hwy, Himachal Pradesh"
3610,2011-06-14 08:00:00,2011,6,165,India,IN,Goa,Goa,False,15.5935,73.9434,landslide,downpour,medium,unknown,0.0,,"Narvem-Pilgao Road, Bicholim","Narvem-Pilgao Road, Bicholim"
3614,2011-06-16 00:00:00,2011,6,167,India,IN,Tamil Nadu,Tamil Nadu,False,11.2993,76.9354,landslide,rain,medium,unknown,0.0,,Munjur near Mettupalayam,Munjur near Mettupalayam
3618,2011-06-17 00:00:00,2011,6,168,India,IN,Himachal Pradesh,Himachal Pradesh,False,31.5639,77.9798,landslide,downpour,medium,unknown,0.0,,"Nathpa village, Kinnaur District, Himachal Pradesh","Nathpa village, Kinnaur District, Himachal Pradesh"
3616,2011-06-17 00:00:00,2011,6,168,India,IN,Goa,Goa,False,15.5931,73.8119,landslide,rain,medium,unknown,0.0,,"Angod, Mapusa","Angod, Mapusa"
3621,2011-06-17 00:00:00,2011,6,168,India,IN,Bengal,West Bengal,False,26.88,88.28,mudslide,downpour,large,unknown,4.0,,"St Mary's Hill, 3 km from Kurseong, West Bengal","St Mary's Hill, 3 km from Kurseong, West Bengal"
3620,2011-06-17 04:00:00,2011,6,168,India,IN,Maharashtra,Maharashtra,False,17.0032,73.3572,landslide,downpour,medium,unknown,0.0,,Near Nivar station in the Ratnagiri district of Maharashtra,Near Nivar station in the Ratnagiri district of Maharashtra
3619,2011-06-17 19:30:00,2011,6,168,India,IN,,Unknown,False,27.4885,88.4451,mudslide,rain,medium,unknown,0.0,,"National HWY 31A, Birik (cut off Sikkim)","National HWY 31A, Birik (cut off Sikkim)"
3617,2011-06-17 23:00:00,2011,6,168,India,IN,Bengal,West Bengal,False,26.84850975,88.26181745,landslide,continuous_rain,medium,above_road,0.0,,Pankhabari and Rohini routes in Kurseong,Pankhabari and Rohini routes in Kurseong
3629,2011-06-19 00:00:00,2011,6,170,India,IN,Goa,Goa,False,15.2932,74.1447,landslide,downpour,medium,mine,0.0,,"Cuddegal in Sanvordem, outside the mining lease area","Cuddegal in Sanvordem, outside the mining lease area"
3633,2011-06-20 00:00:00,2011,6,171,India,IN,Nāgāland,Nagaland,True,26.3186,94.5121,landslide,downpour,medium,unknown,0.0,,Mokokchung,Mokokchung
3632,2011-06-20 20:30:00,2011,6,171,India,IN,Bengal,West Bengal,False,27.0638,88.4659,landslide,rain,medium,unknown,0.0,,"Birik on NH31A, Kalimpong","Birik on NH31A, Kalimpong"
3637,2011-06-21 00:00:00,2011,6,172,India,IN,Nāgāland,Nagaland,True,25.51614662,94.2341227,landslide,rain,medium,deforested_slope,,,"Lasumi village in Phek district, Kohima","Lasumi village in Phek district, Kohima"
3643,2011-06-23 23:30:00,2011,6,174,India,IN,,Unknown,False,27.2879,88.2579,landslide,downpour,large,unknown,16.0,,Villages surrounding the West Sikkim district of ,Villages surrounding the West Sikkim district of 
3659,2011-06-27 00:00:00,2011,6,178,India,IN,Karnataka,Karnataka,False,12.6771,75.2565,landslide,rain,medium,unknown,0.0,,Madikeri-Mangalore highway,Madikeri-Mangalore highway
3660,2011-06-27 00:00:00,2011,6,178,India,IN,Karnataka,Karnataka,False,12.9141,74.856,landslide,downpour,large,unknown,0.0,,"Karnataka coast, Mangalore","Karnataka coast, Mangalore"
3663,2011-06-28 00:00:00,2011,6,179,India,IN,Nāgāland,Nagaland,True,25.6682,94.1099,landslide,downpour,medium,unknown,0.0,,"Ruzapfu valley, Kikruma Village, Phek District, Nagaland","Ruzapfu valley, Kikruma Village, Phek District, Nagaland"
3662,2011-06-28 00:00:00,2011,6,179,India,IN,Manipur,Manipur,True,25.03561729,94.0144205,landslide,rain,medium,below_road,,,"Ikou-Gangpijang road, near: Ikou, Saikul, and Gangpijang; Imphal India","Ikou-Gangpijang road, near: Ikou, Saikul, and Gangpijang; Imphal India"
3669,2011-06-29 00:00:00,2011,6,180,India,IN,Uttarakhand,Uttarakhand,False,30.7666,78.7963,landslide,downpour,medium,unknown,0.0,,"National Highway leading to Gangotri, from Dehradun","National Highway leading to Gangotri, from Dehradun"
3667,2011-06-29 00:00:00,2011,6,180,India,IN,Himachal Pradesh,Himachal Pradesh,False,32.2282,77.1898,landslide,continuous_rain,medium,unknown,0.0,,"Manali-Rohtang road, at Raninalah, Himachal Pradesh","Manali-Rohtang road, at Raninalah, Himachal Pradesh"
3671,2011-06-29 00:00:00,2011,6,180,India,IN,Uttarakhand,Uttarakhand,False,30.81507336,78.2242533,landslide,downpour,medium,above_road,,,National Highway leading to Yamunotri from Dehradun,National Highway leading to Yamunotri from Dehradun
3672,2011-06-29 00:00:00,2011,6,180,India,IN,Assam,Assam,True,25.5125,93.3613,landslide,downpour,medium,unknown,0.0,,"Portions of NH 39, Connectin Manipur with Assam via Nagaland","Portions of NH 39, Connectin Manipur with Assam via Nagaland"
3668,2011-06-29 00:00:00,2011,6,180,India,IN,Uttarakhand,Uttarakhand,False,29.607,79.9298,landslide,downpour,medium,unknown,0.0,,"Almora-Pithoragarh road, between Makrau and Thiari","Almora-Pithoragarh road, between Makrau and Thiari"
3674,2011-06-29 00:00:00,2011,6,180,India,IN,Uttarakhand,Uttarakhand,False,30.0667,79.0193,landslide,downpour,large,unknown,10.0,,Several roads in Uttarakhand,Several roads in Uttarakhand
3666,2011-06-29 00:00:00,2011,6,180,India,IN,Himachal Pradesh,Himachal Pradesh,False,32.4318,77.2147,landslide,continuous_rain,medium,unknown,0.0,,"Manali-Leh road, between Mari and Rohtang","Manali-Leh road, between Mari and Rohtang"
3673,2011-06-29 00:00:00,2011,6,180,India,IN,Uttarakhand,Uttarakhand,False,30.2416,78.8996,landslide,downpour,medium,unknown,0.0,,"Rishikesh-Kedarnath national highway, Sirobagad","Rishikesh-Kedarnath national highway, Sirobagad"
3670,2011-06-29 00:00:00,2011,6,180,India,IN,Uttarakhand,Uttarakhand,False,30.67629482,79.04191791,landslide,downpour,medium,above_road,,,National highway leading to Kedarnath,National highway leading to Kedarnath
3678,2011-06-30 00:00:00,2011,6,181,India,IN,Uttarakhand,Uttarakhand,False,30.15,78.7753,landslide,downpour,medium,unknown,0.0,,"Pauri-Safdarkhal road, blocked at Khundadhar","Pauri-Safdarkhal road, blocked at Khundadhar"
3683,2011-07-01 00:00:00,2011,7,182,India,IN,Nāgāland,Nagaland,True,25.8782,94.1739,landslide,downpour,medium,unknown,0.0,,NH-61 between Botsa and Chiechama,NH-61 between Botsa and Chiechama
3696,2011-07-02 18:00:00,2011,7,183,India,IN,Karnataka,Karnataka,False,13.1819,76.1147,landslide,rain,small,unknown,0.0,,"National Highway 66, connecting Kerala and Karnataka","National Highway 66, connecting Kerala and Karnataka"
3708,2011-07-03 00:00:00,2011,7,184,India,IN,Kashmir,Jammu and Kashmir,False,34.1491,76.826,landslide,downpour,medium,unknown,0.0,,South of Kashmir,South of Kashmir
3707,2011-07-03 00:00:00,2011,7,184,India,IN,Kashmir,Jammu and Kashmir,False,34.1601,75.496,landslide,rain,medium,unknown,0.0,,Blocked the track between Railpathri and Baltal,Blocked the track between Railpathri and Baltal
3738,2011-07-06 00:00:00,2011,7,187,India,IN,Manipur,Manipur,True,24.8063,93.9482,landslide,downpour,medium,unknown,6.0,,"National Highway 53, Sinam Khul (near Kotlen; ~25 km from Imphal)","National Highway 53, Sinam Khul (near Kotlen; ~25 km from Imphal)"
3737,2011-07-06 00:00:00,2011,7,187,India,IN,Uttarakhand,Uttarakhand,False,30.3214,78.0319,landslide,downpour,medium,unknown,0.0,,"Gangortri-Rishikesh highway, at Narendranagar in Tehri district of Uttarakhand","Gangortri-Rishikesh highway, at Narendranagar in Tehri district of Uttarakhand"
3741,2011-07-07 00:00:00,2011,7,188,India,IN,Nāgāland,Nagaland,True,25.4191,94.1079,landslide,rain,medium,unknown,0.0,,Maram (80 km north of Imphal),Maram (80 km north of Imphal)
3747,2011-07-08 00:00:00,2011,7,189,India,IN,Himachal Pradesh,Himachal Pradesh,False,32.3237,77.1935,landslide,rain,medium,unknown,0.0,,Manali-Leh highway,Manali-Leh highway
3746,2011-07-08 00:00:00,2011,7,189,India,IN,Uttarakhand,Uttarakhand,False,30.6509,79.5192,landslide,downpour,medium,unknown,0.0,,Lambagad,Lambagad
3745,2011-07-08 00:00:00,2011,7,189,India,IN,Himachal Pradesh,Himachal Pradesh,False,30.9209,77.0206,landslide,rain,medium,unknown,0.0,,Between Manali and Rohtang,Between Manali and Rohtang
3751,2011-07-09 00:00:00,2011,7,190,India,IN,Uttarakhand,Uttarakhand,False,30.7331,79.0685,landslide,downpour,medium,unknown,0.0,,Kedarnath,Kedarnath
3749,2011-07-09 00:00:00,2011,7,190,India,IN,Uttarakhand,Uttarakhand,False,30.7412,79.4929,landslide,downpour,medium,unknown,0.0,,Badrinath,Badrinath
3752,2011-07-09 00:00:00,2011,7,190,India,IN,Uttarakhand,Uttarakhand,False,31.0188,78.4129,landslide,downpour,medium,unknown,0.0,,Yamunotri,Yamunotri
3750,2011-07-09 00:00:00,2011,7,190,India,IN,Uttarakhand,Uttarakhand,False,30.7652,78.5925,landslide,downpour,medium,unknown,0.0,,Gangotri,Gangotri
3756,2011-07-10 00:00:00,2011,7,191,India,IN,Himachal Pradesh,Himachal Pradesh,False,31.7099,76.933,landslide,downpour,medium,unknown,0.0,,Mandi district,Mandi district
3757,2011-07-10 00:00:00,2011,7,191,India,IN,Uttarakhand,Uttarakhand,False,30.7333,78.4399,landslide,downpour,medium,unknown,0.0,,Nalupani area in Uttarkashi district,Nalupani area in Uttarkashi district
3759,2011-07-11 00:00:00,2011,7,192,India,IN,Uttarakhand,Uttarakhand,False,30.506,79.1127,landslide,downpour,medium,unknown,0.0,,Highways leading to Badrinath and Gangotri,Highways leading to Badrinath and Gangotri
3760,2011-07-11 09:00:00,2011,7,192,India,IN,Nāgāland,Nagaland,True,25.6703,94.1095,landslide,downpour,medium,unknown,0.0,,"NH-61, 1 km before reaching Botsa","NH-61, 1 km before reaching Botsa"
3763,2011-07-12 00:00:00,2011,7,193,India,IN,Himachal Pradesh,Himachal Pradesh,False,31.10587659,77.17798485,landslide,downpour,small,urban,,,the Ridge in downtown Shimla,the Ridge in downtown Shimla
3764,2011-07-12 17:15:00,2011,7,193,India,IN,Maharashtra,Maharashtra,False,19.6699,73.5111,landslide,rain,medium,unknown,0.0,,Between Kasara and Igatpuri,Between Kasara and Igatpuri
3776,2011-07-15 18:00:00,2011,7,196,India,IN,Arunāchal Pradesh,Arunachal Pradesh,True,27.125,93.7145,landslide,downpour,small,unknown,0.0,,Itanagar/Naharlagur/Nirjuli,Itanagar/Naharlagur/Nirjuli
3777,2011-07-15 18:00:00,2011,7,196,India,IN,Himachal Pradesh,Himachal Pradesh,False,32.3491,77.2181,landslide,downpour,medium,unknown,1.0,,Rahni,Rahni
3789,2011-07-16 00:00:00,2011,7,197,India,IN,Arunāchal Pradesh,Arunachal Pradesh,True,27.2743,92.9064,landslide,downpour,medium,unknown,0.0,,Mebua (8 km from Seppa),Mebua (8 km from Seppa)
3794,2011-07-17 00:00:00,2011,7,198,India,IN,Sikkim,Sikkim,True,26.99195749,88.42280921,landslide,rain,medium,above_road,,,West Bengal-Sikkim at highway Rambi,West Bengal-Sikkim at highway Rambi
3793,2011-07-17 00:30:00,2011,7,198,India,IN,Maharashtra,Maharashtra,False,15.8513,73.8161,landslide,downpour,small,unknown,0.0,,At the Talgaon cutting between Sindhudurg and Kudal section of the Konkan Railway,At the Talgaon cutting between Sindhudurg and Kudal section of the Konkan Railway
3805,2011-07-19 00:00:00,2011,7,200,India,IN,Sikkim,Sikkim,True,27.05374234,88.42572376,landslide,rain,medium,above_road,0.0,,200 meters from Teesta Bridge towards Siliguri,200 meters from Teesta Bridge towards Siliguri
3807,2011-07-19 00:00:00,2011,7,200,India,IN,Kashmir,Jammu and Kashmir,False,33.6917,76.0412,landslide,rain,medium,unknown,3.0,,Kishtwar,Kishtwar
3806,2011-07-19 00:00:00,2011,7,200,India,IN,Arunāchal Pradesh,Arunachal Pradesh,True,27.1032,93.6884,landslide,downpour,medium,unknown,3.0,,"Itanagar (one near Pachali power house, one near Heema Hospital, and one nearRomik Colony at P Sector)","Itanagar (one near Pachali power house, one near Heema Hospital, and one nearRomik Colony at P Sector)"
3813,2011-07-20 00:00:00,2011,7,201,India,IN,Bengal,West Bengal,False,27.1141,88.4658,landslide,rain,small,unknown,0.0,,National Highway 31A in West Bengal's Darjeeling district,National Highway 31A in West Bengal's Darjeeling district
3819,2011-07-21 00:00:00,2011,7,202,India,IN,Uttarakhand,Uttarakhand,False,30.4043,79.3318,landslide,rain,medium,unknown,1.0,,"Chamoli , Uttarakhand","Chamoli , Uttarakhand"
3821,2011-07-21 00:00:00,2011,7,202,India,IN,Uttarakhand,Uttarakhand,False,29.7334,79.6367,landslide,rain,medium,unknown,1.0,,"Kumaon, Uttarakhand","Kumaon, Uttarakhand"
3820,2011-07-21 00:00:00,2011,7,202,India,IN,Uttarakhand,Uttarakhand,False,30.1665,78.1123,landslide,rain,medium,unknown,1.0,,"Garhwal, Uttarakhand","Garhwal, Uttarakhand"
3829,2011-07-22 00:00:00,2011,7,203,India,IN,Maharashtra,Maharashtra,False,16.1078,73.7167,landslide,downpour,small,unknown,0.0,,"Konkan Railway, between Sindhudurg and Kudal","Konkan Railway, between Sindhudurg and Kudal"
3831,2011-07-22 00:00:00,2011,7,203,India,IN,Manipur,Manipur,True,24.7992,93.948,landslide,downpour,medium,unknown,0.0,,Heibok Hills,Heibok Hills
3830,2011-07-22 00:00:00,2011,7,203,India,IN,Manipur,Manipur,True,24.3527,94.3429,landslide,downpour,small,unknown,0.0,,Manipur,Manipur
3837,2011-07-24 12:30:00,2011,7,205,India,IN,Assam,Assam,True,26.5836,93.0038,landslide,downpour,medium,unknown,0.0,,NH 37,NH 37
3840,2011-07-25 00:00:00,2011,7,206,India,IN,Manipur,Manipur,True,24.6869,93.9157,landslide,downpour,medium,unknown,0.0,,Manipur,Manipur
3839,2011-07-25 08:00:00,2011,7,206,India,IN,Himachal Pradesh,Himachal Pradesh,False,32.1896,77.187,landslide,downpour,medium,unknown,0.0,,"Manali-Leh road, rohtang Pass","Manali-Leh road, rohtang Pass"
3861,2011-07-29 00:00:00,2011,7,210,India,IN,Uttar Pradesh,Uttar Pradesh,False,27.5862,80.1306,landslide,downpour,medium,unknown,6.0,,Uttar Pradesh,Uttar Pradesh
3860,2011-07-29 00:00:00,2011,7,210,India,IN,Nāgāland,Nagaland,True,25.4192,94.108,landslide,rain,medium,unknown,0.0,,"Maram, Manipur","Maram, Manipur"
3859,2011-07-29 00:00:00,2011,7,210,India,IN,Uttarakhand,Uttarakhand,False,30.012,78.197,landslide,downpour,medium,unknown,0.0,,Kedarnath yatra,Kedarnath yatra
3881,2011-08-05 00:00:00,2011,8,217,India,IN,Arunāchal Pradesh,Arunachal Pradesh,True,27.1034,93.6885,landslide,downpour,medium,unknown,0.0,,Itanagar,Itanagar
3886,2011-08-06 00:00:00,2011,8,218,India,IN,Kerala,Kerala,False,9.4237,76.9371,landslide,downpour,medium,unknown,0.0,,"Pallippady in Koruthode panchayat, Cholathadam in Poonjar Thekkekkara Pallippady in Koruthode panchayat and Cholathadam in Poonjar Thekkekkara panchay","Pallippady in Koruthode panchayat, Cholathadam in Poonjar Thekkekkara Pallippady in Koruthode panchayat and Cholathadam in Poonjar Thekkekkara panchayat"
3885,2011-08-06 09:00:00,2011,8,218,India,IN,Kerala,Kerala,False,9.497393176,76.8696375,landslide,downpour,medium,unknown,,,Kanamala in Erumeli Panchayat,Kanamala in Erumeli Panchayat
3884,2011-08-06 22:00:00,2011,8,218,India,IN,Himachal Pradesh,Himachal Pradesh,False,31.69137979,77.13222306,landslide,continuous_rain,medium,above_road,,,Manali highway near Hanogi temple in Mandi,Manali highway near Hanogi temple in Mandi
3892,2011-08-07 00:00:00,2011,8,219,India,IN,Kashmir,Jammu and Kashmir,False,33.0271,75.0018,landslide,downpour,medium,unknown,0.0,,"Panthal, Jammu-Srinagar National Highway, between Kashmir and the rest of the country","Panthal, Jammu-Srinagar National Highway, between Kashmir and the rest of the country"
3895,2011-08-07 00:00:00,2011,8,219,India,IN,Himachal Pradesh,Himachal Pradesh,False,31.0766,77.3913,landslide,rain,medium,unknown,0.0,,"The Rishikesh-Gangotri national highway, Sainj","The Rishikesh-Gangotri national highway, Sainj"
3891,2011-08-07 00:00:00,2011,8,219,India,IN,Kashmir,Jammu and Kashmir,False,33.4406,75.1996,landslide,downpour,medium,unknown,0.0,,"Digdol, Jammu-Srinagar National Highway, between Kashmir and the rest of the country","Digdol, Jammu-Srinagar National Highway, between Kashmir and the rest of the country"
3896,2011-08-07 00:00:00,2011,8,219,India,IN,Kerala,Kerala,False,9.5988,76.5289,landslide,downpour,medium,unknown,1.0,,Kottayam,Kottayam
3890,2011-08-07 00:00:00,2011,8,219,India,IN,Himachal Pradesh,Himachal Pradesh,False,31.71456806,77.02239366,landslide,downpour,medium,above_road,,,Manali highway near Shambal village,Manali highway near Shambal village
3894,2011-08-07 00:00:00,2011,8,219,India,IN,Himachal Pradesh,Himachal Pradesh,False,31.0766,77.3916,landslide,downpour,medium,unknown,0.0,,"Sainj, Rishikesh-Gangotri National Highway","Sainj, Rishikesh-Gangotri National Highway"
3893,2011-08-07 00:00:00,2011,8,219,India,IN,Goa,Goa,False,15.7067,73.9551,landslide,downpour,medium,unknown,0.0,,Rishikesh- Gangotri national highway in Maneri area of Uttarkashi district,Rishikesh- Gangotri national highway in Maneri area of Uttarkashi district
3888,2011-08-07 01:00:00,2011,8,219,India,IN,Himachal Pradesh,Himachal Pradesh,False,31.2403,77.9258,landslide,downpour,medium,unknown,0.0,,Gumma on Pathankot-Mandi national highway,Gumma on Pathankot-Mandi national highway
3889,2011-08-07 07:00:00,2011,8,219,India,IN,Himachal Pradesh,Himachal Pradesh,False,31.7083,76.9316,landslide,downpour,medium,unknown,0.0,,On the Manali highway near Mandi,On the Manali highway near Mandi
3900,2011-08-08 00:00:00,2011,8,220,India,IN,Uttarakhand,Uttarakhand,False,30.6521,79.5566,landslide,downpour,medium,unknown,0.0,,"Govindghat, on the Rishikesh-Badrinath highway","Govindghat, on the Rishikesh-Badrinath highway"
3899,2011-08-08 00:00:00,2011,8,220,India,IN,Uttarakhand,Uttarakhand,False,30.2258,78.3755,landslide,downpour,medium,unknown,0.0,,"Chhatanga area; Helkugad; and Netala, all on the Rishikesh-Yamunotri National Highway","Chhatanga area; Helkugad; and Netala, all on the Rishikesh-Yamunotri National Highway"
3902,2011-08-09 00:00:00,2011,8,221,India,IN,Rajasthan,Rajasthan,False,24.5958,72.7169,landslide,downpour,medium,unknown,0.0,,"Mount Abu, Harna Hanuman temple","Mount Abu, Harna Hanuman temple"
3905,2011-08-10 00:00:00,2011,8,222,India,IN,Uttarakhand,Uttarakhand,False,30.2828,78.3041,landslide,rain,medium,unknown,0.0,,Chardham yatra,Chardham yatra
3907,2011-08-11 00:00:00,2011,8,223,India,IN,Kashmir,Jammu and Kashmir,False,32.7327,74.8556,landslide,downpour,medium,unknown,0.0,,Jammu-Srinagar National Highway in Jammu City,Jammu-Srinagar National Highway in Jammu City
3908,2011-08-11 04:30:00,2011,8,223,India,IN,Kashmir,Jammu and Kashmir,False,32.737,74.876,landslide,rain,medium,unknown,1.0,,On circular road near Panjtirthi,On circular road near Panjtirthi
3912,2011-08-12 00:00:00,2011,8,224,India,IN,Arunāchal Pradesh,Arunachal Pradesh,True,27.44,92.2833,landslide,rain,medium,unknown,0.0,,East Kameng district in Arunachal Pradesh bordering China,East Kameng district in Arunachal Pradesh bordering China
3913,2011-08-12 00:00:00,2011,8,224,India,IN,Uttarakhand,Uttarakhand,False,29.9121,78.1723,landslide,rain,medium,unknown,0.0,,"The Chardham yatra, shrines of Badrinath, Kedarnath, Gangotri, and Yamunotri","The Chardham yatra, shrines of Badrinath, Kedarnath, Gangotri, and Yamunotri"
3914,2011-08-12 00:00:00,2011,8,224,India,IN,Uttarakhand,Uttarakhand,False,28.8665,79.5682,landslide,rain,large,unknown,11.0,,Uttarakhand and the Uttar Pradesh,Uttarakhand and the Uttar Pradesh
3916,2011-08-13 08:00:00,2011,8,225,India,IN,Assam,Assam,True,25.7713,93.8067,mudslide,downpour,medium,unknown,0.0,,"Chumukedima, Dimapur","Chumukedima, Dimapur"
3917,2011-08-13 09:00:00,2011,8,225,India,IN,Himachal Pradesh,Himachal Pradesh,False,31.7077,76.9313,landslide,downpour,medium,unknown,2.0,,"Manali-Leh highway, Rohtang pass","Manali-Leh highway, Rohtang pass"
3925,2011-08-15 00:00:00,2011,8,227,India,IN,Arunāchal Pradesh,Arunachal Pradesh,True,27.4888,93.0153,landslide,downpour,medium,unknown,0.0,,"East Kameng, Arunachal Pradesh","East Kameng, Arunachal Pradesh"
3927,2011-08-16 08:00:00,2011,8,228,India,IN,Meghālaya,Meghalaya,True,25.5144,90.2167,landslide,downpour,medium,unknown,6.0,,"Garo Hills, Tura","Garo Hills, Tura"
3932,2011-08-18 00:00:00,2011,8,230,India,IN,Nāgāland,Nagaland,True,25.83,94.13,landslide,monsoon,medium,unknown,0.0,, Botsa  and Chiechama, Botsa  and Chiechama
3943,2011-08-23 00:00:00,2011,8,235,India,IN,,Unknown,False,27.13862165,88.22551799,landslide,downpour,medium,unknown,5.0,,"Samathang, Sikkim","Samathang, Sikkim"
3944,2011-08-25 00:00:00,2011,8,237,India,IN,,Unknown,False,27.7344,88.633,landslide,downpour,medium,unknown,2.0,,"Hee-Khola, Sikkim","Hee-Khola, Sikkim"
6567,2011-08-27 00:00:00,2011,8,239,India,IN,Kashmir,Jammu and Kashmir,False,32.5764,75.8466,landslide,downpour,medium,above_road,0.0,0.0,Basohli-Bani road,Basohli-Bani road
6566,2011-08-27 00:00:00,2011,8,239,India,IN,Kashmir,Jammu and Kashmir,False,32.6188,75.3504,landslide,downpour,medium,above_road,0.0,0.0,Kathua-Billawar road,Kathua-Billawar road
3947,2011-08-27 00:00:00,2011,8,239,India,IN,NCT,Nct,False,28.6809,77.1958,landslide,downpour,medium,unknown,1.0,,"Shakti Nagar, New Delhi","Shakti Nagar, New Delhi"
6569,2011-08-28 00:00:00,2011,8,240,India,IN,Maharashtra,Maharashtra,False,19.1355,72.9981,landslide,continuous_rain,medium,unknown,2.0,1.0,Rabale,Rabale
3951,2011-08-29 12:30:00,2011,8,241,India,IN,Maharashtra,Maharashtra,False,18.9774,72.8102,landslide,downpour,medium,retaining_wall,1.0,3.0,the 10-storeyed Hill View building the 10-storeyed Hill View building,the 10-storeyed Hill View building the 10-storeyed Hill View building
6570,2011-08-30 00:00:00,2011,8,242,India,IN,Maharashtra,Maharashtra,False,17.4303,73.5097,landslide,continuous_rain,medium,above_road,0.0,0.0,Pomendi cutting near Ratnagiri,Pomendi cutting near Ratnagiri
3963,2011-09-04 00:30:00,2011,9,247,India,IN,Maharashtra,Maharashtra,False,17.9031,73.4361,landslide,rain,small,above_road,0.0,,"Kashedi ghat,  Raigad  Maharashtra (used Raigad Fort for lat lon)","Kashedi ghat,  Raigad  Maharashtra (used Raigad Fort for lat lon)"
3965,2011-09-06 08:00:00,2011,9,249,India,IN,Assam,Assam,True,24.808,93.117,landslide,rain,medium,unknown,3.0,,NH 37 at Awang Khul ,NH 37 at Awang Khul 
3983,2011-09-23 00:00:00,2011,9,266,India,IN,Assam,Assam,True,26.1548,91.7351,landslide,downpour,large,unknown,4.0,,"Maighuli, Guwahati, Meghalaya","Maighuli, Guwahati, Meghalaya"
3986,2011-09-25 00:00:00,2011,9,268,India,IN,Bengal,West Bengal,False,27.0605,88.255,landslide,downpour,medium,unknown,0.0,,"Singamari, Darhelling, West Bengal","Singamari, Darhelling, West Bengal"
6782,2011-09-28 00:00:00,2011,9,271,India,IN,West Bengal,West Bengal,False,26.8545,88.3372,landslide,rain,medium,below_road,0.0,0.0,NH55 at Tindharia,NH55 at Tindharia
3997,2011-09-30 00:00:00,2011,9,273,India,IN,,Unknown,False,27.5161,88.5575,landslide,unknown,medium,unknown,0.0,,Mangan : The slide which occurred at Thingchim around 18 kilometers from Mangan towards Gangtok has disrupted the Mangan-Gangtok traffic again. The s*,
4015,2011-10-15 00:00:00,2011,10,288,India,IN,Tamil Nadu,Tamil Nadu,False,10.4497,77.5206,landslide,downpour,medium,unknown,0.0,,"Palani, Dindigul district","Palani, Dindigul district"
4019,2011-10-17 00:00:00,2011,10,290,India,IN,Kerala,Kerala,False,9.9903,76.7898,landslide,downpour,medium,unknown,1.0,,"Vannappuram, Kerala,","Vannappuram, Kerala,"
4033,2011-11-03 00:00:00,2011,11,307,India,IN,Tamil Nadu,Tamil Nadu,False,10.2445,77.5146,landslide,downpour,medium,unknown,0.0,,"Palani-Kodaikanal Ghat road, Kodaikanal","Palani-Kodaikanal Ghat road, Kodaikanal"
4090,2011-12-10 00:00:00,2011,12,344,India,IN,Uttarakhand,Uttarakhand,False,29.913,79.3532,landslide,downpour,medium,unknown,0.0,,Uttarakhand ,Uttarakhand 
4139,2012-01-12 22:00:00,2012,1,12,India,IN,Kashmir,Jammu and Kashmir,False,33.2407,75.2373,landslide,downpour,medium,unknown,0.0,,"Shatani Nallah, Ramban District","Shatani Nallah, Ramban District"
4140,2012-01-13 08:00:00,2012,1,13,India,IN,Kashmir,Jammu and Kashmir,False,33.4209,75.2045,landslide,downpour,medium,unknown,0.0,,"Banihal, Srinagar-Jammu highway","Banihal, Srinagar-Jammu highway"
4183,2012-02-04 00:00:00,2012,2,35,India,IN,Kashmir,Jammu and Kashmir,False,33.2424,75.2381,landslide,downpour,medium,unknown,0.0,,"Jawahar Tunnel-Patnitop stretch in Ramban district, Jammu-Srinagar highway","Jawahar Tunnel-Patnitop stretch in Ramban district, Jammu-Srinagar highway"
4198,2012-02-15 00:00:00,2012,2,46,India,IN,Kashmir,Jammu and Kashmir,False,32.3682,75.5227,landslide,downpour,medium,unknown,0.0,,Surjan village in Bani mountainous belt in Kathua district (,Surjan village in Bani mountainous belt in Kathua district (
4202,2012-02-16 00:00:00,2012,2,47,India,IN,Himachal Pradesh,Himachal Pradesh,False,32.5655,76.1201,landslide,downpour,medium,unknown,2.0,,"Tawari bridge, Chamba district of Himachal Pradesh","Tawari bridge, Chamba district of Himachal Pradesh"
4210,2012-02-19 07:00:00,2012,2,50,India,IN,Kashmir,Jammu and Kashmir,False,33.2361,75.2441,complex,unknown,medium,unknown,6.0,,"Khooni Nullah on the Srinagar-Jammu Highway, Ramban District","Khooni Nullah on the Srinagar-Jammu Highway, Ramban District"
4218,2012-02-22 00:00:00,2012,2,53,India,IN,Kashmir,Jammu and Kashmir,False,33.241,75.234,landslide,downpour,medium,unknown,0.0,,"Ramban district, Srinagar-Jammu Highway (Khooni Nallah, Higni and Panthal)","Ramban district, Srinagar-Jammu Highway (Khooni Nallah, Higni and Panthal)"
4241,2012-03-04 00:00:00,2012,3,64,India,IN,Manipur,Manipur,True,25.1604,93.6795,landslide,unknown,medium,unknown,0.0,,Tamei constituency in Tamenlong district,Tamei constituency in Tamenlong district
4240,2012-03-04 08:00:00,2012,3,64,India,IN,Uttarakhand,Uttarakhand,False,29.5798,80.2123,landslide,unknown,medium,unknown,2.0,,"Pithoragarh district, Uttarakhand","Pithoragarh district, Uttarakhand"
4277,2012-03-19 23:00:00,2012,3,79,India,IN,Kashmir,Jammu and Kashmir,False,34.6507,74.7362,rock_fall,rain,medium,unknown,1.0,,"Gurez, Kashmir","Gurez, Kashmir"
4313,2012-04-08 00:00:00,2012,4,99,India,IN,Arunāchal Pradesh,Arunachal Pradesh,True,28.4659,95.86,landslide,downpour,medium,unknown,0.0,,"Endulin Nallah, Mayodia, 17-camp, 83-camp","Endulin Nallah, Mayodia, 17-camp, 83-camp"
4325,2012-04-16 00:00:00,2012,4,107,India,IN,Kashmir,Jammu and Kashmir,False,33.1467,75.5488,landslide,unknown,medium,unknown,1.0,,"Gandoh, Doda district, Jammu ","Gandoh, Doda district, Jammu "
4335,2012-04-24 00:00:00,2012,4,115,India,IN,Kashmir,Jammu and Kashmir,False,33.2413,75.2381,landslide,downpour,medium,unknown,,,"Srinagar-Jammu Highway, Ramban, jammu","Srinagar-Jammu Highway, Ramban, jammu"
4373,2012-05-30 00:00:00,2012,5,151,India,IN,Rajasthan,Rajasthan,False,26.876,75.8101,landslide,downpour,large,unknown,,,Jawaharlal Nehru Marg,Jawaharlal Nehru Marg
4377,2012-06-02 00:00:00,2012,6,154,India,IN,Assam,Assam,True,26.1475,91.7356,landslide,downpour,large,unknown,,,"Guwahati, Assam","Guwahati, Assam"
4378,2012-06-02 00:00:00,2012,6,154,India,IN,Arunachal Pradesh,Arunachal Pradesh,True,28.8254,96.1517,landslide,downpour,medium,unknown,,,"Arunachal Pradesh, Dibang,","Arunachal Pradesh, Dibang,"
4383,2012-06-03 00:00:00,2012,6,155,India,IN,Assam,Assam,True,25.3056,93.1265,landslide,downpour,medium,unknown,,,"between Maibang and Daotohaja, Assam","between Maibang and Daotohaja, Assam"
4384,2012-06-03 00:00:00,2012,6,155,India,IN,Assam,Assam,True,25.1775,93.0123,landslide,downpour,medium,unknown,,,"between Haflong and  Bagetar, Assam","between Haflong and  Bagetar, Assam"
4385,2012-06-03 00:00:00,2012,6,155,India,IN,,Unknown,False,27.7167,88.5577,landslide,downpour,medium,unknown,,,"lachen, Sikkim","lachen, Sikkim"
4382,2012-06-03 00:00:00,2012,6,155,India,IN,Assam,Assam,True,25.1175,92.8573,landslide,downpour,medium,unknown,,," between Harangajao and Mailongdisa, Assa,"," between Harangajao and Mailongdisa, Assa,"
4393,2012-06-07 00:00:00,2012,6,159,India,IN,,Unknown,False,27.7565,88.632,landslide,downpour,large,unknown,7.0,,"Nathang Maong, Sikkim","Nathang Maong, Sikkim"
4394,2012-06-07 04:30:00,2012,6,159,India,IN,Sikkim,Sikkim,True,27.1748,88.6458,landslide,rain,large,unknown,7.0,,"Rolep, South Sikkim( Mapping to Rhenock 12 miles from Rolep)","Rolep, South Sikkim( Mapping to Rhenock 12 miles from Rolep)"
4396,2012-06-08 00:00:00,2012,6,160,India,IN,Kashmir,Jammu and Kashmir,False,34.1534,77.5768,landslide,downpour,medium,unknown,,,"Khardung la Pass, Leh district","Khardung la Pass, Leh district"
4403,2012-06-10 00:00:00,2012,6,162,India,IN,Manipur,Manipur,True,24.8142,93.5444,landslide,downpour,very_large,unknown,,,"Imphal-Jiribam section of NH-37 , Manipur","Imphal-Jiribam section of NH-37 , Manipur"
4408,2012-06-13 00:00:00,2012,6,165,India,IN,Meghālaya,Meghalaya,True,25.5498,92.0757,landslide,downpour,medium,unknown,,,"NH44, Kuliang","NH44, Kuliang"
4407,2012-06-13 00:00:00,2012,6,165,India,IN,Assam,Assam,True,25.0951,92.3567,landslide,downpour,medium,unknown,,,"NH44, Malidhor area,  Baleswar","NH44, Malidhor area,  Baleswar"
4411,2012-06-14 04:00:00,2012,6,166,India,IN,Sikkim,Sikkim,True,27.339,88.6065,landslide,downpour,medium,unknown,,,"Tathangchen, Gangtok, Sikkim ","Tathangchen, Gangtok, Sikkim "
4424,2012-06-20 00:00:00,2012,6,172,India,IN,Assam,Assam,True,26.149,91.7351,landslide,downpour,medium,unknown,,,"Lalunggaon, Guwahati,  Assam","Lalunggaon, Guwahati,  Assam"
4423,2012-06-20 17:45:00,2012,6,172,India,IN,Maharashtra,Maharashtra,False,20.855,77.7274,landslide,downpour,large,unknown,3.0,,"Hwy 123, Badnera, Maharashtra,","Hwy 123, Badnera, Maharashtra,"
4426,2012-06-22 00:00:00,2012,6,174,India,IN,Assam,Assam,True,26.1226,91.7162,landslide,downpour,medium,unknown,3.0,,Lalunggaon near Gorchuk area,Lalunggaon near Gorchuk area
4436,2012-06-25 00:00:00,2012,6,177,India,IN,Arunāchal Pradesh,Arunachal Pradesh,True,26.9986,95.4993,landslide,downpour,medium,unknown,,,"Khonsa, Arunachal Pradesh","Khonsa, Arunachal Pradesh"
4435,2012-06-25 00:00:00,2012,6,177,India,IN,Arunāchal Pradesh,Arunachal Pradesh,True,27.174,95.8011,landslide,downpour,large,unknown,,,"Tirap , Arunachal Pradesh","Tirap , Arunachal Pradesh"
4434,2012-06-25 18:00:00,2012,6,177,India,IN,Assam,Assam,True,26.1049,91.7369,landslide,downpour,large,unknown,1.0,,"Sonaighuli area near Kahilipara, Guwahati City, Assam","Sonaighuli area near Kahilipara, Guwahati City, Assam"
4446,2012-07-05 00:00:00,2012,7,187,India,IN,Arunachal Pradesh,Arunachal Pradesh,True,28.9986,94.8885,landslide,downpour,large,unknown,,,"Tuting, Upper Siang , Arunachal Pradesh","Tuting, Upper Siang , Arunachal Pradesh"
4445,2012-07-05 00:00:00,2012,7,187,India,IN,Uttarakhand,Uttarakhand,False,30.1281,78.3221,landslide,downpour,large,unknown,1.0,,"Badrinath Rd,  Rishikesh, Uttarakhand","Badrinath Rd,  Rishikesh, Uttarakhand"
4447,2012-07-05 00:00:00,2012,7,187,India,IN,Himachal Pradesh,Himachal Pradesh,False,31.1066,77.209,landslide,downpour,medium,unknown,,,"Dhalli, Himachal Pradesh","Dhalli, Himachal Pradesh"
4452,2012-07-07 00:00:00,2012,7,189,India,IN,Kashmir,Jammu and Kashmir,False,34.0123,77.9988,landslide,downpour,medium,unknown,,,"Ladakh, Leh","Ladakh, Leh"
6783,2012-07-19 00:00:00,2012,7,201,India,IN,West Bengal,West Bengal,False,26.8546,88.3373,landslide,monsoon,medium,below_road,0.0,0.0,Tindharia railway maintenance shed,Tindharia railway maintenance shed
4468,2012-07-22 00:00:00,2012,7,204,India,IN,Kerala,Kerala,False,11.405,76.0376,landslide,downpour,medium,unknown,,,"Pulloorampara, Kerala","Pulloorampara, Kerala"
6310,2012-08-05 23:30:00,2012,8,218,India,IN,Uttarakhand,Uttarakhand,False,30.4876,78.0366,rock_fall,unknown,medium,above_river,0.0,0.0,Kempty falls,Kempty falls
4472,2012-08-14 00:00:00,2012,8,227,India,IN,Uttarakhand,Uttarakhand,False,30.7362,78.44,landslide,downpour,medium,unknown,,,"Uttarkashi, Uttarakhand,","Uttarkashi, Uttarakhand,"
4489,2012-08-17 00:00:00,2012,8,230,India,IN,Tamil Nadu,Tamil Nadu,False,9.8232,77.1498,landslide,downpour,medium,unknown,,,"Idukki-Kattappana Rd, kerala (Mid-point of rd)","Idukki-Kattappana Rd, kerala (Mid-point of rd)"
4485,2012-08-17 00:00:00,2012,8,230,India,IN,Kerala,Kerala,False,9.7268,76.8081,landslide,downpour,medium,unknown,,,"Palomala, Thaland","Palomala, Thaland"
4487,2012-08-17 00:00:00,2012,8,230,India,IN,Uttarakhand,Uttarakhand,False,30.6179,78.3233,landslide,downpour,medium,unknown,,,"Gangotri-Rishikesh hwy, Uttarakhand (mid-point of road -exact location unknown)","Gangotri-Rishikesh hwy, Uttarakhand (mid-point of road -exact location unknown)"
4486,2012-08-17 00:00:00,2012,8,230,India,IN,Kerala,Kerala,False,9.7285,76.803,landslide,downpour,medium,unknown,,,"Chonamala, Periyamata, Vellampatta","Chonamala, Periyamata, Vellampatta"
4488,2012-08-17 00:00:00,2012,8,230,India,IN,Kerala,Kerala,False,9.5527,76.9299,landslide,downpour,medium,unknown,,,"Pullupara, Perunanthanam, kerala","Pullupara, Perunanthanam, kerala"
4481,2012-08-17 00:00:00,2012,8,230,India,IN,Uttarakhand,Uttarakhand,False,30.6594,79.5605,landslide,downpour,medium,unknown,4.0,,"Chamoli, Uttarakhand","Chamoli, Uttarakhand"
4480,2012-08-17 00:00:00,2012,8,230,India,IN,Kerala,Kerala,False,10.0011,76.7416,landslide,downpour,medium,unknown,6.0,,"Kadavoor, Erakulam, Kerala","Kadavoor, Erakulam, Kerala"
4484,2012-08-17 00:00:00,2012,8,230,India,IN,Kerala,Kerala,False,9.6991,76.8168,landslide,downpour,medium,unknown,,,"(Thalanadu - Teekoy hwy), Erattupetta, Kottayam (Thalanadu - Teekoy hwy)","(Thalanadu - Teekoy hwy), Erattupetta, Kottayam (Thalanadu - Teekoy hwy)"
4482,2012-08-17 15:30:00,2012,8,230,India,IN,Kerala,Kerala,False,10.0604,76.635,landslide,downpour,large,unknown,4.0,,"Ernakulam, Kerala (Monsoon)","Ernakulam, Kerala (Monsoon)"
4483,2012-08-17 16:00:00,2012,8,230,India,IN,Kerala,Kerala,False,10.007,76.7105,landslide,downpour,medium,unknown,2.0,,"Paingottoor, kerala, ","Paingottoor, kerala, "
4498,2012-08-18 00:00:00,2012,8,231,India,IN,Himachal Pradesh,Himachal Pradesh,False,32.1797,77.1947,landslide,downpour,medium,unknown,,,Kullu-Manali-Rohtang,Kullu-Manali-Rohtang
4497,2012-08-18 00:00:00,2012,8,231,India,IN,Himachal Pradesh,Himachal Pradesh,False,32.2278,78.071,landslide,downpour,medium,unknown,,,"Kaza, Himachal Pradesh","Kaza, Himachal Pradesh"
4501,2012-08-20 00:00:00,2012,8,233,India,IN,Kashmir,Jammu and Kashmir,False,33.0829,74.8333,landslide,downpour,medium,unknown,1.0,,"Reasi, kashmir","Reasi, kashmir"
4504,2012-08-21 00:00:00,2012,8,234,India,IN,Kashmir,Jammu and Kashmir,False,34.6113,74.9499,landslide,downpour,medium,unknown,,,"Barnoi, Bandipora, Kashmir","Barnoi, Bandipora, Kashmir"
4507,2012-08-22 00:00:00,2012,8,235,India,IN,Kashmir,Jammu and Kashmir,False,33.2412,75.2382,landslide,downpour,medium,unknown,,,"Jammu-Sringar Hwy, between Sri and Ramban, kerala","Jammu-Sringar Hwy, between Sri and Ramban, kerala"
4514,2012-08-24 00:00:00,2012,8,237,India,IN,Himachal Pradesh,Himachal Pradesh,False,31.709,76.9312,landslide,downpour,medium,unknown,,,"Mandi, Himachal Pradesh,","Mandi, Himachal Pradesh,"
4515,2012-08-24 00:00:00,2012,8,237,India,IN,Himachal Pradesh,Himachal Pradesh,False,30.7395,77.2847,landslide,downpour,medium,unknown,,,"Sirmaur, Himachal Pradesh,","Sirmaur, Himachal Pradesh,"
4516,2012-08-24 00:00:00,2012,8,237,India,IN,Himachal Pradesh,Himachal Pradesh,False,30.9044,77.0969,landslide,downpour,medium,unknown,,,"Solan, Himachal Pradesh,","Solan, Himachal Pradesh,"
4513,2012-08-24 00:00:00,2012,8,237,India,IN,Himachal Pradesh,Himachal Pradesh,False,32.1002,76.2699,landslide,downpour,medium,unknown,,,"Kangra,  Himachal Pradesh","Kangra,  Himachal Pradesh"
4523,2012-08-29 00:00:00,2012,8,242,India,IN,Kashmir,Jammu and Kashmir,False,33.775,74.0934,landslide,downpour,medium,unknown,,,"Poonch, Kashmir","Poonch, Kashmir"
4528,2012-09-01 04:30:00,2012,9,245,India,IN,Goa,Goa,False,15.3826,73.9239,landslide,downpour,medium,unknown,,,"Toyota Showroom, Goa, India","Toyota Showroom, Goa, India"
4535,2012-09-03 00:00:00,2012,9,247,India,IN,Maharashtra,Maharashtra,False,19.0397,72.907,landslide,downpour,medium,urban,,,"Chembur, Mumbai, Maharashtra","Chembur, Mumbai, Maharashtra"
4536,2012-09-04 09:00:00,2012,9,248,India,IN,Maharashtra,Maharashtra,False,19.6241,72.9084,landslide,downpour,medium,unknown,,," Varai, Maharashtra"," Varai, Maharashtra"
4551,2012-09-14 00:00:00,2012,9,258,India,IN,Uttarakhand,Uttarakhand,False,29.841,79.7758,landslide,downpour,large,unknown,9.0,,"Bageshwar, Uttarakhand","Bageshwar, Uttarakhand"
4552,2012-09-14 00:00:00,2012,9,258,India,IN,Sikkim,Sikkim,True,27.0377,88.3603,landslide,downpour,medium,unknown,,,"Takdah, West Bengal","Takdah, West Bengal"
4550,2012-09-14 08:00:00,2012,9,258,India,IN,Uttarakhand,Uttarakhand,False,30.2853,78.9829,landslide,downpour,very_large,unknown,19.0,,"Rudraprayag, Uttarakhand","Rudraprayag, Uttarakhand"
4555,2012-09-15 00:00:00,2012,9,259,India,IN,Kashmir,Jammu and Kashmir,False,32.9295,75.1432,landslide,downpour,medium,unknown,,,"Dhar-Udhampur rd, Moda Dadda, Udhampur","Dhar-Udhampur rd, Moda Dadda, Udhampur"
4556,2012-09-16 00:00:00,2012,9,260,India,IN,Sikkim,Sikkim,True,27.1675,88.3651,landslide,downpour,medium,unknown,,,"Namchi to Phongla, Namchi to Melli ,Namchi to Sumbuk","Namchi to Phongla, Namchi to Melli ,Namchi to Sumbuk"
4557,2012-09-16 00:00:00,2012,9,260,India,IN,Kashmir,Jammu and Kashmir,False,33.303,77.8876,landslide,downpour,medium,unknown,,,"Manali-Leh hwy, Kullu","Manali-Leh hwy, Kullu"
4559,2012-09-17 00:00:00,2012,9,261,India,IN,Kashmir,Jammu and Kashmir,False,33.9639,74.9597,landslide,downpour,medium,unknown,,,"Srinagar-Jammu Hwy, between Sheeri and Banihal,  Jammu and Kashmir(midpoint)","Srinagar-Jammu Hwy, between Sheeri and Banihal,  Jammu and Kashmir(midpoint)"
4565,2012-09-18 00:00:00,2012,9,262,India,IN,Himachal Pradesh,Himachal Pradesh,False,31.0226,77.1029,landslide,downpour,medium,unknown,,,"Jatog and Kaithlighat railway stations, Kaithleeghat, Himachal Pradesh","Jatog and Kaithlighat railway stations, Kaithleeghat, Himachal Pradesh"
4571,2012-09-19 00:00:00,2012,9,263,India,IN,,Unknown,False,27.6558,88.605,landslide,downpour,large,unknown,,," Chungthang and Pegong. Houses, between Rangma and Chungthang "," Chungthang and Pegong. Houses, between Rangma and Chungthang "
4570,2012-09-19 00:00:00,2012,9,263,India,IN,Arunāchal Pradesh,Arunachal Pradesh,True,27.8458,95.2253,landslide,downpour,medium,unknown,,, Arunachal Pradesh , Arunachal Pradesh 
4569,2012-09-19 00:00:00,2012,9,263,India,IN,,Unknown,False,27.8385,88.556,landslide,downpour,large,unknown,20.0,,"North Skkimm Hwy between, Chungthang and Mangan, North Skimm (9 landslides)","North Skkimm Hwy between, Chungthang and Mangan, North Skimm (9 landslides)"
4590,2012-10-21 09:00:00,2012,10,295,India,IN,Tamil Nadu,Tamil Nadu,False,11.338,76.8806,landslide,rain,medium,unknown,,,(Rail track between Kallar and Burliar)Tamil Nadu,(Rail track between Kallar and Burliar)Tamil Nadu
4592,2012-10-22 09:00:00,2012,10,296,India,IN,Kerala,Kerala,False,10.077,76.322,landslide,rain,medium,unknown,,,"(between Burliar and Kallar) Nilgiris, Tamil Nadu,","(between Burliar and Kallar) Nilgiris, Tamil Nadu,"
4610,2012-11-11 00:00:00,2012,11,316,India,IN,Mizoram,Mizoram,True,23.7705,92.5217,landslide,downpour,medium,unknown,4.0,,"Dapchhuah, Mamit, Mizoram","Dapchhuah, Mamit, Mizoram"
4658,2012-12-11 00:00:00,2012,12,346,India,IN,Kashmir,Jammu and Kashmir,False,32.9522,75.1533,mudslide,rain,medium,unknown,,,"Kashimir Valley, Jammu and kashmir","Kashimir Valley, Jammu and kashmir"
4757,2013-02-18 00:00:00,2013,2,49,India,IN,Arunāchal Pradesh,Arunachal Pradesh,True,28.1193,95.1645,landslide,rain,medium,unknown,3.0,2.0,"East Siang, Arunachal Pradesh","East Siang, Arunachal Pradesh"
4764,2013-02-22 00:00:00,2013,2,53,India,IN,Kashmir,Jammu and Kashmir,False,33.4372,75.2027,landslide,snowfall_snowmelt,medium,unknown,,,Jammu Srinagar Roadways - Between Banihal And Patnitop,Jammu Srinagar Roadways - Between Banihal And Patnitop
4798,2013-04-07 00:00:00,2013,4,97,India,IN,Arunachal Pradesh,Arunachal Pradesh,True,28.8254,96.1509,landslide,rain,medium,unknown,,,"Dibang Valley, Arunachal Pradesh","Dibang Valley, Arunachal Pradesh"
4823,2013-04-26 00:00:00,2013,4,116,India,IN,Kashmir,Jammu and Kashmir,False,34.2946,75.4832,mudslide,rain,medium,unknown,1.0,,"Zojila, India (Srinagar-Kargil Road)","Zojila, India (Srinagar-Kargil Road)"
4845,2013-05-07 00:00:00,2013,5,127,India,IN,Mizoram,Mizoram,True,24.2315,92.6755,mudslide,rain,medium,unknown,,,"Kolasib, Saiha, Mizoram,","Kolasib, Saiha, Mizoram,"
4848,2013-05-08 00:00:00,2013,5,128,India,IN,Tripura,Tripura,True,24.0896,91.4663,landslide,rain,medium,unknown,1.0,,"Purba Simna, Tripura","Purba Simna, Tripura"
4860,2013-05-11 00:00:00,2013,5,131,India,IN,Assam,Assam,True,26.1016,91.6906,landslide,rain,medium,unknown,,,"Boragaon, North Guwahati, Guwahati, Assam,","Boragaon, North Guwahati, Guwahati, Assam,"
4859,2013-05-11 00:00:00,2013,5,131,India,IN,Assam,Assam,True,26.1771,91.7599,landslide,rain,medium,unknown,,1.0,"Sarania Hills, North Guwahati, Guwahati, Assam,","Sarania Hills, North Guwahati, Guwahati, Assam,"
4858,2013-05-11 09:00:00,2013,5,131,India,IN,Assam,Assam,True,26.1662,91.7138,landslide,rain,medium,unknown,,,"Nursery, North Guwahati, Guwahati, Assam,","Nursery, North Guwahati, Guwahati, Assam,"
4857,2013-05-11 09:00:00,2013,5,131,India,IN,Mizoram,Mizoram,True,23.7281,92.7175,landslide,rain,large,unknown,15.0,,"Laipuitland , Aizawl, Mizoram","Laipuitland , Aizawl, Mizoram"
4861,2013-05-12 00:00:00,2013,5,132,India,IN,Assam,Assam,True,24.9926,93.4946,mudslide,rain,medium,unknown,,,"Khongsang, Tamenglong, Manipur,","Khongsang, Tamenglong, Manipur,"
4875,2013-05-26 00:00:00,2013,5,146,India,IN,NCT,Nct,False,28.758,77.15,landslide,downpour,medium,unknown,,, Jammu-Srinagar, Jammu-Srinagar
4892,2013-06-01 00:00:00,2013,6,152,India,IN,Arunāchal Pradesh,Arunachal Pradesh,True,27.8776,94.25,landslide,downpour,large,unknown,,,Upper Subansiri,Upper Subansiri
4906,2013-06-07 00:00:00,2013,6,158,India,IN,Nāgāland,Nagaland,True,26.0977,94.7499,landslide,unknown,medium,unknown,,,"Helipong-Chessore Road, Nagaland","Helipong-Chessore Road, Nagaland"
4905,2013-06-07 00:00:00,2013,6,158,India,IN,Nāgāland,Nagaland,True,26.0977,94.7031,landslide,unknown,medium,unknown,,,"Kuthur – Huker Road Via Y Anner, Chessore, Nagaland","Kuthur – Huker Road Via Y Anner, Chessore, Nagaland"
4908,2013-06-08 17:00:00,2013,6,159,India,IN,Sikkim,Sikkim,True,27.3721,88.708,landslide,downpour,medium,unknown,0.0,,"15 Km From Gangtok, Himalayans","15 Km From Gangtok, Himalayans"
4913,2013-06-11 23:00:00,2013,6,162,India,IN,Himachal Pradesh,Himachal Pradesh,False,31.4881,76.6702,landslide,rain,small,unknown,0.0,,"Srinagar-Jammu Highway, Ramban District","Srinagar-Jammu Highway, Ramban District"
4912,2013-06-11 23:00:00,2013,6,162,India,IN,Himachal Pradesh,Himachal Pradesh,False,31.4898,76.7043,landslide,downpour,medium,unknown,1.0,,"Holy Cave Shrine, Mata Vaishno Devi, Trikuta Hills, Reasi District, Near Panchi Morh In Sanjichat Area En Route Mata Vaishno Devi","Holy Cave Shrine, Mata Vaishno Devi, Trikuta Hills, Reasi District, Near Panchi Morh In Sanjichat Area En Route Mata Vaishno Devi"
4916,2013-06-12 00:00:00,2013,6,163,India,IN,Himachal Pradesh,Himachal Pradesh,False,32.2108,76.2833,landslide,downpour,medium,unknown,0.0,,"Gharao Village, Near Holi Township","Gharao Village, Near Holi Township"
4917,2013-06-12 00:00:00,2013,6,163,India,IN,Himachal Pradesh,Himachal Pradesh,False,32.5552,76.1249,landslide,downpour,medium,unknown,0.0,,"Village In Pangi Valley, Chamba District","Village In Pangi Valley, Chamba District"
4914,2013-06-12 22:00:00,2013,6,163,India,IN,Uttarakhand,Uttarakhand,False,30.7394,78.5306,landslide,downpour,medium,unknown,0.0,,"Rishikesh-Gangotri National Highway Near Mari Sainji Village, Uttarkashi, Uttarakhand","Rishikesh-Gangotri National Highway Near Mari Sainji Village, Uttarkashi, Uttarakhand"
4920,2013-06-15 00:00:00,2013,6,166,India,IN,Himachal Pradesh,Himachal Pradesh,False,31.5168,78.0976,landslide,downpour,medium,unknown,0.0,,"Tapri Near Rekong Peo, Kinnaur District","Tapri Near Rekong Peo, Kinnaur District"
4932,2013-06-16 00:00:00,2013,6,167,India,IN,Himachal Pradesh,Himachal Pradesh,False,31.348,77.4614,landslide,downpour,medium,unknown,0.0,,"7 Km Of Road, Between Kasang And Akpa","7 Km Of Road, Between Kasang And Akpa"
4927,2013-06-16 00:00:00,2013,6,167,India,IN,Himachal Pradesh,Himachal Pradesh,False,30.5728,77.6521,landslide,rain,medium,unknown,0.0,,"National Highway 72-B, Between Paonta Sahib And Sillai, Sirmaur District, Himachal Pradesh","National Highway 72-B, Between Paonta Sahib And Sillai, Sirmaur District, Himachal Pradesh"
4928,2013-06-16 00:00:00,2013,6,167,India,IN,Uttarakhand,Uttarakhand,False,30.4619,79.0765,landslide,rain,medium,unknown,0.0,,"Rudraprayag-Gaurikund Road, Uttarakhand","Rudraprayag-Gaurikund Road, Uttarakhand"
4929,2013-06-16 00:00:00,2013,6,167,India,IN,Uttarakhand,Uttarakhand,False,30.4954,78.3881,landslide,rain,medium,unknown,0.0,,"Rishikesh-Joshimath-Mana Road, Uttarakhand","Rishikesh-Joshimath-Mana Road, Uttarakhand"
4925,2013-06-16 00:00:00,2013,6,167,India,IN,Himachal Pradesh,Himachal Pradesh,False,31.4551,78.1996,landslide,rain,medium,unknown,0.0,,"Road To Sangla Valley, Near Kupa Village, Kinnaur District, Himachal Pradesh","Road To Sangla Valley, Near Kupa Village, Kinnaur District, Himachal Pradesh"
4930,2013-06-16 00:00:00,2013,6,167,India,IN,Uttarakhand,Uttarakhand,False,30.885,78.6695,landslide,rain,medium,unknown,0.0,,"Dharasu-Gangotri Road, Uttarakhand","Dharasu-Gangotri Road, Uttarakhand"
4931,2013-06-16 00:00:00,2013,6,167,India,IN,Uttarakhand,Uttarakhand,False,29.7986,80.417,landslide,rain,medium,unknown,0.0,,"Pithoragarh-Ghatiabgarh Road, Uttarakhand","Pithoragarh-Ghatiabgarh Road, Uttarakhand"
4926,2013-06-16 00:00:00,2013,6,167,India,IN,Himachal Pradesh,Himachal Pradesh,False,30.6738,77.3544,landslide,rain,medium,unknown,0.0,,"Sirmaur District, Himachal Pradesh","Sirmaur District, Himachal Pradesh"
4933,2013-06-16 00:00:00,2013,6,167,India,IN,Himachal Pradesh,Himachal Pradesh,False,31.5986,78.4384,landslide,downpour,medium,unknown,4.0,,"Kinnaur District, Himachal Pradesh","Kinnaur District, Himachal Pradesh"
4924,2013-06-16 19:30:00,2013,6,167,India,IN,Uttarakhand,Uttarakhand,False,30.7351,79.0666,debris_flow,downpour,very_large,unknown,5000.0,,"Kedarnath (Hindu Shrine), Near Kedarnath Dome (Mountain), Uttarakhand","Kedarnath (Hindu Shrine), Near Kedarnath Dome (Mountain), Uttarakhand"
4946,2013-06-17 00:00:00,2013,6,168,India,IN,Himachal Pradesh,Himachal Pradesh,False,31.6223,78.0193,landslide,downpour,medium,unknown,5.0,,"Chagoan Village Near Tapri, 220 Km From The State Capital Shimla, Kinnaur District, Himachal Pradesh","Chagoan Village Near Tapri, 220 Km From The State Capital Shimla, Kinnaur District, Himachal Pradesh"
4943,2013-06-17 00:00:00,2013,6,168,India,IN,Uttarakhand,Uttarakhand,False,29.5987,79.6592,landslide,downpour,medium,unknown,4.0,,"Almora, Uttarakhand","Almora, Uttarakhand"
4940,2013-06-17 00:00:00,2013,6,168,India,IN,Uttarakhand,Uttarakhand,False,30.3069,78.0169,landslide,rain,medium,unknown,3.0,,"Dehradun, Uttarakhand","Dehradun, Uttarakhand"
4936,2013-06-17 00:00:00,2013,6,168,India,IN,Uttarakhand,Uttarakhand,False,30.6945,79.0544,landslide,downpour,large,unknown,13.0,,"Rambara District, Uttarakhand","Rambara District, Uttarakhand"
4950,2013-06-18 08:00:00,2013,6,169,India,IN,Karnataka,Karnataka,False,12.8446,75.2476,landslide,rain,medium,unknown,4.0,7.0,"Tottilagundi, Dakshina Kannada District","Tottilagundi, Dakshina Kannada District"
4947,2013-06-18 10:30:00,2013,6,169,India,IN,Maharashtra,Maharashtra,False,19.0811,73.0226,landslide,continuous_rain,medium,unknown,3.0,2.0,"Sainath Stone Quarry, Rikunda Village, Turbhe, Navi Mumbai, Maharashtra","Sainath Stone Quarry, Rikunda Village, Turbhe, Navi Mumbai, Maharashtra"
4949,2013-06-18 15:00:00,2013,6,169,India,IN,Uttarakhand,Uttarakhand,False,30.3797,78.5017,landslide,rain,medium,unknown,0.0,,Road Near Tipri To Kedarnath,Road Near Tipri To Kedarnath
4966,2013-06-19 00:00:00,2013,6,170,India,IN,Uttarakhand,Uttarakhand,False,29.5935,79.6805,landslide,rain,medium,unknown,0.0,,"Almora, Uttarakhand","Almora, Uttarakhand"
4978,2013-06-24 00:00:00,2013,6,175,India,IN,Uttarakhand,Uttarakhand,False,30.4542,78.3911,debris_flow,downpour,medium,unknown,0.0,,"Rishikesh-Uttarkashi Route, Uttarakhand","Rishikesh-Uttarkashi Route, Uttarakhand"
4974,2013-06-24 15:00:00,2013,6,175,India,IN,Uttarakhand,Uttarakhand,False,30.4091,79.0579,landslide,rain,medium,unknown,0.0,,"Between Rudaprayag And Guptkashi, Uttarakhand (2 Landslides)","Between Rudaprayag And Guptkashi, Uttarakhand (2 Landslides)"
4975,2013-06-24 22:00:00,2013,6,175,India,IN,Uttarakhand,Uttarakhand,False,30.2524,78.9228,landslide,downpour,medium,unknown,0.0,,"Sirobhgarh Bend, Srinagar-Rudraprayag Highway, Uttarakhand, Northern India","Sirobhgarh Bend, Srinagar-Rudraprayag Highway, Uttarakhand, Northern India"
4984,2013-06-25 00:00:00,2013,6,176,India,IN,Tamil Nadu,Tamil Nadu,False,11.4991,76.4949,landslide,downpour,small,unknown,0.0,,"Gudalur Town, Nilgiris, Tamil Nadu","Gudalur Town, Nilgiris, Tamil Nadu"
4981,2013-06-25 08:00:00,2013,6,176,India,IN,Tamil Nadu,Tamil Nadu,False,10.9628,77.5947,landslide,downpour,medium,unknown,0.0,,"First Hairpin Bend, Kerala-Tamil Nadu Inter-State Highway, Nadukani Ghat Road Connecting Nilambur With Gudallur In Tamilnadu","First Hairpin Bend, Kerala-Tamil Nadu Inter-State Highway, Nadukani Ghat Road Connecting Nilambur With Gudallur In Tamilnadu"
4982,2013-06-25 08:00:00,2013,6,176,India,IN,Tamil Nādu,Tamil Nadu,False,10.9628,77.5947,landslide,downpour,medium,unknown,0.0,,"Thenpara, Kerala-Tamil Nadu Inter-State Highway, Nadukani Ghat Road Connecting Nilambur With Gudallur In Tamilnadu","Thenpara, Kerala-Tamil Nadu Inter-State Highway, Nadukani Ghat Road Connecting Nilambur With Gudallur In Tamilnadu"
4983,2013-06-25 08:00:00,2013,6,176,India,IN,Tamil Nādu,Tamil Nadu,False,10.9628,77.5947,landslide,downpour,medium,unknown,0.0,,"Jaram, Kerala-Tamil Nadu Inter-State Highway, Nadukani Ghat Road Connecting Nilambur With Gudallur In Tamilnadu","Jaram, Kerala-Tamil Nadu Inter-State Highway, Nadukani Ghat Road Connecting Nilambur With Gudallur In Tamilnadu"
4979,2013-06-25 10:15:00,2013,6,176,India,IN,Maharashtra,Maharashtra,False,16.9214,73.593,mudslide,monsoon,medium,unknown,0.0,,"Konkan Railway Tracks Close To Adavali Station, Ratnagiri, Maharashtra","Konkan Railway Tracks Close To Adavali Station, Ratnagiri, Maharashtra"
4990,2013-06-27 23:00:00,2013,6,178,India,IN,Sikkim,Sikkim,True,27.3765,88.7628,landslide,downpour,medium,unknown,0.0,,"Near Changu Lake, 15Km Away From Nathu La, On India-China Border In Eastern Sikkim","Near Changu Lake, 15Km Away From Nathu La, On India-China Border In Eastern Sikkim"
5005,2013-07-01 00:00:00,2013,7,182,India,IN,Nāgāland,Nagaland,True,26.72,95.029,landslide,downpour,medium,unknown,0.0,,"Walo Ward, Mon Town, Wokha District, Nagaland","Walo Ward, Mon Town, Wokha District, Nagaland"
5006,2013-07-01 00:00:00,2013,7,182,India,IN,Nāgāland,Nagaland,True,26.1147,94.3864,landslide,downpour,medium,unknown,0.0,,"Thillong Village, Doyang Along State Highway 1, Wokha To Merapani Road","Thillong Village, Doyang Along State Highway 1, Wokha To Merapani Road"
5013,2013-07-02 23:00:00,2013,7,183,India,IN,Himachal Pradesh,Himachal Pradesh,False,31.0722,77.1402,landslide,downpour,medium,unknown,0.0,,"Press Colony, Near Taradevi, Himachal Pradesh","Press Colony, Near Taradevi, Himachal Pradesh"
5017,2013-07-03 02:00:00,2013,7,184,India,IN,,Unknown,False,15.4123,74.2664,landslide,downpour,medium,unknown,0.0,,"Anmod Ghat Road, Goa-Karnataka Border","Anmod Ghat Road, Goa-Karnataka Border"
5024,2013-07-04 00:00:00,2013,7,185,India,IN,Uttarakhand,Uttarakhand,False,30.1719,80.8576,landslide,continuous_rain,medium,unknown,,,"Gunji, Uttarakhand","Gunji, Uttarakhand"
5023,2013-07-04 00:00:00,2013,7,185,India,IN,Uttarakhand,Uttarakhand,False,30.0712,80.2386,landslide,continuous_rain,medium,unknown,,,"Munsari Tehsil, Uttarakhand","Munsari Tehsil, Uttarakhand"
5022,2013-07-04 00:00:00,2013,7,185,India,IN,Uttarakhand,Uttarakhand,False,29.58,80.2214,landslide,downpour,medium,unknown,,,"Pithoragarh Tehsil, Uttarakhand","Pithoragarh Tehsil, Uttarakhand"
5036,2013-07-05 23:00:00,2013,7,186,India,IN,Kashmir,Jammu and Kashmir,False,33.0852,74.8799,landslide,downpour,medium,unknown,1.0,2.0,"Reasi District, Jammu And Kashmir","Reasi District, Jammu And Kashmir"
5044,2013-07-06 00:00:00,2013,7,187,India,IN,Himachal Pradesh,Himachal Pradesh,False,31.1628,77.7241,landslide,downpour,medium,unknown,,,"Rohru-Shimla Road At Dochi, Himachal Pradesh","Rohru-Shimla Road At Dochi, Himachal Pradesh"
5043,2013-07-06 00:00:00,2013,7,187,India,IN,Himachal Pradesh,Himachal Pradesh,False,31.9906,76.7907,landslide,downpour,small,unknown,,,"Jogindernagar, Himachal Pradesh","Jogindernagar, Himachal Pradesh"
5054,2013-07-07 00:00:00,2013,7,188,India,IN,Himachal Pradesh,Himachal Pradesh,False,31.7018,76.9424,landslide,downpour,small,unknown,,,"Mandi Gurdwara, Himachal Pradesh","Mandi Gurdwara, Himachal Pradesh"
5053,2013-07-07 00:00:00,2013,7,188,India,IN,Himachal Pradesh,Himachal Pradesh,False,31.9671,76.8521,landslide,downpour,medium,unknown,,,"Mandi-Pathankot Highway At Gumma In Mandi, Himachal Pradesh","Mandi-Pathankot Highway At Gumma In Mandi, Himachal Pradesh"
5051,2013-07-07 00:00:00,2013,7,188,India,IN,Himachal Pradesh,Himachal Pradesh,False,31.7017,76.973,landslide,downpour,medium,unknown,,,"Mandi-Kullu Highway In Mandi, Himachal Pradesh","Mandi-Kullu Highway In Mandi, Himachal Pradesh"
5049,2013-07-07 00:00:00,2013,7,188,India,IN,Himachal Pradesh,Himachal Pradesh,False,31.5596,77.1679,landslide,downpour,medium,unknown,,,"Mandi-Janjheli Road At Odidhar Thunag, Himachal Pradesh","Mandi-Janjheli Road At Odidhar Thunag, Himachal Pradesh"
5050,2013-07-07 00:00:00,2013,7,188,India,IN,Himachal Pradesh,Himachal Pradesh,False,31.703,76.936,mudslide,rain,medium,unknown,,,"Mandi-Shimla Highway In Mandi, Himachal Pradesh","Mandi-Shimla Highway In Mandi, Himachal Pradesh"
5052,2013-07-07 00:00:00,2013,7,188,India,IN,Himachal Pradesh,Himachal Pradesh,False,31.7093,76.9297,landslide,downpour,medium,unknown,,,"A Nullah Near The Government Hospital In Mandi, Himachal Pradesh","A Nullah Near The Government Hospital In Mandi, Himachal Pradesh"
5047,2013-07-07 03:00:00,2013,7,188,India,IN,Himachal Pradesh,Himachal Pradesh,False,31.8795,76.9161,landslide,downpour,medium,unknown,,,"Mandi-Pathankot Highway At Paddar, Himachal Pradesh","Mandi-Pathankot Highway At Paddar, Himachal Pradesh"
5062,2013-07-08 00:00:00,2013,7,189,India,IN,Kashmir,Jammu and Kashmir,False,33.3118,75.7525,mudslide,downpour,medium,unknown,2.0,,"Mundral In Kishtwar District, Jammu And Kashmir","Mundral In Kishtwar District, Jammu And Kashmir"
5073,2013-07-10 00:00:00,2013,7,191,India,IN,Maharashtra,Maharashtra,False,19.0222,72.8663,landslide,downpour,medium,unknown,5.0,,"Debram Chawl, Antop Hill Near Sheikh Mistry Dargah Road, Central Mumbai","Debram Chawl, Antop Hill Near Sheikh Mistry Dargah Road, Central Mumbai"
5074,2013-07-10 00:00:00,2013,7,191,India,IN,Maharashtra,Maharashtra,False,19.0263,72.8676,landslide,downpour,medium,unknown,2.0,1.0,"Antop Hill, Mumbai","Antop Hill, Mumbai"
5068,2013-07-10 04:30:00,2013,7,191,India,IN,Uttarakhand,Uttarakhand,False,30.3629,79.2143,landslide,rain,medium,unknown,7.0,,"Bhikona Village, Pokhri Block, Chamoli Village, Uttarakhand","Bhikona Village, Pokhri Block, Chamoli Village, Uttarakhand"
5079,2013-07-11 00:00:00,2013,7,192,India,IN,Jharkhand,Jharkhand,False,26.9734,87.3412,mudslide,continuous_rain,medium,unknown,0.0,,Dhankuta,Dhankuta
5088,2013-07-12 00:00:00,2013,7,193,India,IN,Uttarakhand,Uttarakhand,False,29.3802,79.4633,mudslide,downpour,medium,unknown,6.0,,"Lohardobha Billage, Dhari, Nainital","Lohardobha Billage, Dhari, Nainital"
5086,2013-07-12 00:00:00,2013,7,193,India,IN,Uttarakhand,Uttarakhand,False,29.3802,79.4633,landslide,rain,medium,unknown,6.0,,"Nainital District, Uttarakhand","Nainital District, Uttarakhand"
5087,2013-07-12 00:00:00,2013,7,193,India,IN,Nāgāland,Nagaland,True,25.6269,94.1139,landslide,downpour,medium,unknown,0.0,,"National Highway 29 Near Phesama Village, Nagaland","National Highway 29 Near Phesama Village, Nagaland"
5084,2013-07-12 23:00:00,2013,7,193,India,IN,Nāgāland,Nagaland,True,25.616,94.1167,landslide,downpour,medium,unknown,0.0,,"National Highway 2 Near Phesama Village Close To Kisama Naha Heritage Site, Kohima District, Nagaland","National Highway 2 Near Phesama Village Close To Kisama Naha Heritage Site, Kohima District, Nagaland"
5098,2013-07-14 00:00:00,2013,7,195,India,IN,Himachal Pradesh,Himachal Pradesh,False,32.17,77.1788,landslide,downpour,medium,unknown,1.0,,"Mehaskwal Village, Himachal Pradesh","Mehaskwal Village, Himachal Pradesh"
5097,2013-07-14 00:00:00,2013,7,195,India,IN,Himachal Pradesh,Himachal Pradesh,False,31.4711,77.6746,landslide,downpour,medium,unknown,1.0,,"Near Rampur, Himachal Pradesh","Near Rampur, Himachal Pradesh"
5099,2013-07-14 00:00:00,2013,7,195,India,IN,Himachal Pradesh,Himachal Pradesh,False,30.6738,77.3544,landslide,rain,medium,unknown,0.0,,"Sirmaur District, Himachal Pradesh","Sirmaur District, Himachal Pradesh"
5100,2013-07-14 00:00:00,2013,7,195,India,IN,Himachal Pradesh,Himachal Pradesh,False,31.673,76.5338,landslide,rain,medium,unknown,0.0,,"Shimla-Nahan Highway, Dosarka, Himachal Pradesh","Shimla-Nahan Highway, Dosarka, Himachal Pradesh"
5107,2013-07-15 00:00:00,2013,7,196,India,IN,Nāgāland,Nagaland,True,25.6269,94.1139,landslide,rain,medium,unknown,0.0,,"National Highway 29 Near Phesama Village, Nagaland","National Highway 29 Near Phesama Village, Nagaland"
5123,2013-07-17 00:00:00,2013,7,198,India,IN,Nāgāland,Nagaland,True,25.7131,94.0885,mudslide,rain,medium,unknown,0.0,,"National Highway 2 Near Meriema Village, 10 Km Away From Kohima","National Highway 2 Near Meriema Village, 10 Km Away From Kohima"
5122,2013-07-17 00:00:00,2013,7,198,India,IN,Nāgāland,Nagaland,True,25.7658,93.9413,mudslide,rain,medium,unknown,0.0,,"National Highway 29 Between Patkai Bridge And Kukidolong, Nagaland","National Highway 29 Between Patkai Bridge And Kukidolong, Nagaland"
5130,2013-07-18 00:00:00,2013,7,199,India,IN,Uttarakhand,Uttarakhand,False,30.7314,78.4347,debris_flow,downpour,small,unknown,0.0,,"Netali Maneri Marg, Uttarkashi District, Uttarakhand","Netali Maneri Marg, Uttarkashi District, Uttarakhand"
5129,2013-07-18 00:00:00,2013,7,199,India,IN,Uttarakhand,Uttarakhand,False,30.4043,79.3308,landslide,downpour,medium,unknown,0.0,,"Chamoli District, Uttarakhand","Chamoli District, Uttarakhand"
5139,2013-07-19 00:00:00,2013,7,200,India,IN,Uttarakhand,Uttarakhand,False,30.0718,80.2369,landslide,downpour,medium,unknown,0.0,,"Munsyari Area, Pithoragarh, Uttarakhand","Munsyari Area, Pithoragarh, Uttarakhand"
5177,2013-07-23 00:00:00,2013,7,204,India,IN,Uttarakhand,Uttarakhand,False,30.2902,79.151,landslide,downpour,medium,unknown,0.0,,"Gauchar, Chamoli District, Uttarakhand","Gauchar, Chamoli District, Uttarakhand"
5176,2013-07-23 00:00:00,2013,7,204,India,IN,Uttarakhand,Uttarakhand,False,30.1944,79.1939,landslide,downpour,medium,unknown,0.0,,"Deval, Chamoli District, Uttarakhand","Deval, Chamoli District, Uttarakhand"
5171,2013-07-23 08:45:00,2013,7,204,India,IN,Kerala,Kerala,False,10.0533,76.4788,rock_fall,unknown,small,unknown,2.0,2.0,"Vengola, Kerala","Vengola, Kerala"
5183,2013-07-24 00:00:00,2013,7,205,India,IN,Uttarakhand,Uttarakhand,False,30.3056,79.3286,landslide,downpour,medium,unknown,0.0,,"Tefana, Uttarakhand","Tefana, Uttarakhand"
5180,2013-07-24 00:00:00,2013,7,205,India,IN,Maharashtra,Maharashtra,False,19.1711,73.0207,landslide,downpour,medium,unknown,0.0,,"National Highway 4, Navi Mumbai, Maharashtra","National Highway 4, Navi Mumbai, Maharashtra"
5184,2013-07-24 00:00:00,2013,7,205,India,IN,Uttarakhand,Uttarakhand,False,30.9058,78.0906,landslide,downpour,medium,unknown,0.0,,"Sunali, Uttarakhand","Sunali, Uttarakhand"
5179,2013-07-24 00:00:00,2013,7,205,India,IN,Uttarakhand,Uttarakhand,False,30.262,79.2191,landslide,downpour,medium,unknown,0.0,,"Karnaprayag, Uttarakhand","Karnaprayag, Uttarakhand"
5178,2013-07-24 00:00:00,2013,7,205,India,IN,Uttarakhand,Uttarakhand,False,30.4605,79.4774,landslide,continuous_rain,medium,unknown,2.0,,"Chamoli, Uttarakhand","Chamoli, Uttarakhand"
5182,2013-07-24 00:00:00,2013,7,205,India,IN,Uttarakhand,Uttarakhand,False,30.301,79.3628,landslide,downpour,medium,unknown,0.0,,"Thirpak, Uttarakhand","Thirpak, Uttarakhand"
5181,2013-07-24 00:00:00,2013,7,205,India,IN,Uttarakhand,Uttarakhand,False,30.2733,79.233,landslide,downpour,medium,unknown,,,"Rishikesh-Badrinath Highway, Uttarakhand","Rishikesh-Badrinath Highway, Uttarakhand"
5200,2013-07-25 00:00:00,2013,7,206,India,IN,Tamil Nadu,Tamil Nadu,False,11.3192,76.5959,landslide,downpour,medium,unknown,,,"Avalanche, Nilgiris, Tamil Nadu","Avalanche, Nilgiris, Tamil Nadu"
5199,2013-07-25 00:00:00,2013,7,206,India,IN,Uttarakhand,Uttarakhand,False,30.7866,78.6171,landslide,continuous_rain,medium,unknown,0.0,,"Malla, Uttarkashi, Uttarakhand","Malla, Uttarkashi, Uttarakhand"
5198,2013-07-25 00:00:00,2013,7,206,India,IN,Uttarakhand,Uttarakhand,False,30.8928,78.48,landslide,continuous_rain,medium,unknown,0.0,,"Quaritok, Uttarkashi, Uttarakhand","Quaritok, Uttarkashi, Uttarakhand"
5195,2013-07-25 00:00:00,2013,7,206,India,IN,Uttarakhand,Uttarakhand,False,30.4041,79.3276,landslide,continuous_rain,medium,unknown,,,"Alaknanda Valley Of Chamoli District, Uttarakhand","Alaknanda Valley Of Chamoli District, Uttarakhand"
5196,2013-07-25 00:00:00,2013,7,206,India,IN,Uttarakhand,Uttarakhand,False,30.8928,78.48,landslide,continuous_rain,medium,unknown,,,"Uttarkashi, Uttarakhand","Uttarkashi, Uttarakhand"
5197,2013-07-25 00:00:00,2013,7,206,India,IN,Uttarakhand,Uttarakhand,False,30.8203,78.6185,landslide,continuous_rain,medium,unknown,,,"Ganga Vihar Colony In Bhatwadi Area, Uttarkashi, Uttarakhand","Ganga Vihar Colony In Bhatwadi Area, Uttarkashi, Uttarakhand"
5187,2013-07-25 01:30:00,2013,7,206,India,IN,Maharashtra,Maharashtra,False,19.3379,73.7767,rock_fall,downpour,small,unknown,2.0,,"Malshej Ghat, Maharashtra","Malshej Ghat, Maharashtra"
5189,2013-07-25 05:00:00,2013,7,206,India,IN,Maharashtra,Maharashtra,False,19.3379,73.7767,rock_fall,downpour,medium,unknown,,,"Malshej Ghat, Maharashtra","Malshej Ghat, Maharashtra"
5208,2013-07-26 00:00:00,2013,7,207,India,IN,Uttarakhand,Uttarakhand,False,30.2835,79.2498,landslide,rain,medium,unknown,,,Rishikesh-Badrinath Highway Near Kaleshwar,Rishikesh-Badrinath Highway Near Kaleshwar
5209,2013-07-26 00:00:00,2013,7,207,India,IN,Uttarakhand,Uttarakhand,False,30.6539,78.3366,landslide,rain,medium,unknown,,,Rishikesh-Gangotri Highway Near Dharasu-Nalupani,Rishikesh-Gangotri Highway Near Dharasu-Nalupani
5214,2013-07-27 00:00:00,2013,7,208,India,IN,Himachal Pradesh,Himachal Pradesh,False,31.8931,78.63,landslide,mining,medium,unknown,,,"Malling, Himachal Pradesh","Malling, Himachal Pradesh"
5215,2013-07-27 00:00:00,2013,7,208,India,IN,Uttarakhand,Uttarakhand,False,30.4521,78.754,landslide,rain,medium,unknown,,,Balsori Villages In The Akhrori Area,Balsori Villages In The Akhrori Area
5213,2013-07-27 00:00:00,2013,7,208,India,IN,Jharkhand,Jharkhand,False,24.3599,85.6179,landslide,downpour,small,unknown,2.0,,Paharpur Locality In Koderma,Paharpur Locality In Koderma
5224,2013-07-28 00:00:00,2013,7,209,India,IN,Uttarakhand,Uttarakhand,False,29.9964,80.201,mudslide,downpour,small,unknown,1.0,,"Samkot Village Of Pithoragarhi, Uttarakhand","Samkot Village Of Pithoragarhi, Uttarakhand"
5225,2013-07-28 00:00:00,2013,7,209,India,IN,Uttarakhand,Uttarakhand,False,30.819,78.6149,mudslide,downpour,small,unknown,1.0,,"Bhatwari Area Of Uttarkashi Districti, Uttarakhand","Bhatwari Area Of Uttarkashi Districti, Uttarakhand"
5233,2013-07-29 10:00:00,2013,7,210,India,IN,Kashmir,Jammu and Kashmir,False,32.9918,75.1945,landslide,rain,small,unknown,,,"Samroli, Udhampur District, Kashmir","Samroli, Udhampur District, Kashmir"
5234,2013-07-29 10:30:00,2013,7,210,India,IN,Kashmir,Jammu and Kashmir,False,32.9918,75.1945,rock_fall,rain,medium,unknown,,,"Samroli, Udhampur District, Kashmir","Samroli, Udhampur District, Kashmir"
5240,2013-07-31 08:00:00,2013,7,212,India,IN,Uttarakhand,Uttarakhand,False,30.3822,78.0949,landslide,downpour,medium,unknown,4.0,,"Dehradun, Uttarakhand","Dehradun, Uttarakhand"
5241,2013-07-31 08:00:00,2013,7,212,India,IN,Uttarakhand,Uttarakhand,False,29.5952,79.6625,landslide,downpour,medium,unknown,,,"Salut, Almora, Uttarakhand","Salut, Almora, Uttarakhand"
5250,2013-08-01 00:00:00,2013,8,213,India,IN,Arunachal Pradesh,Arunachal Pradesh,True,27.8837,93.0515,mudslide,rain,medium,unknown,,,"Polo River At Polosang, Arunachal Pradesh","Polo River At Polosang, Arunachal Pradesh"
5244,2013-08-01 20:00:00,2013,8,213,India,IN,Kashmir,Jammu and Kashmir,False,34.4332,76.2851,landslide,downpour,medium,unknown,,,"Pushkum In Kargil, Kashmir","Pushkum In Kargil, Kashmir"
5252,2013-08-02 04:30:00,2013,8,214,India,IN,Kashmir,Jammu and Kashmir,False,32.5282,75.1199,landslide,continuous_rain,medium,unknown,0.0,,Jammu-Pathankot Route Near Samba,Jammu-Pathankot Route Near Samba
5264,2013-08-04 00:00:00,2013,8,216,India,IN,Kerala,Kerala,False,10.3228,76.4319,mudslide,downpour,large,unknown,,,Kerala,Kerala
5272,2013-08-04 00:00:00,2013,8,216,India,IN,Nāgāland,Nagaland,True,26.2083,94.5438,landslide,monsoon,medium,unknown,,,"Longsa, Nagaland","Longsa, Nagaland"
5265,2013-08-04 00:00:00,2013,8,216,India,IN,Kerala,Kerala,False,9.9147,77.011,landslide,continuous_rain,very_large,unknown,3.0,,"Idukki, Kerala","Idukki, Kerala"
5271,2013-08-04 00:00:00,2013,8,216,India,IN,Nāgāland,Nagaland,True,26.284,94.5808,landslide,continuous_rain,medium,unknown,,,"Nanga, Nagaland","Nanga, Nagaland"
5269,2013-08-04 00:00:00,2013,8,216,India,IN,Nāgāland,Nagaland,True,25.8376,94.5234,landslide,continuous_rain,medium,unknown,,,"Tizu, Nagaland","Tizu, Nagaland"
5270,2013-08-04 00:00:00,2013,8,216,India,IN,Nāgāland,Nagaland,True,26.0481,94.4619,landslide,continuous_rain,medium,unknown,,,"Phizo, Nagaland","Phizo, Nagaland"
5273,2013-08-04 00:00:00,2013,8,216,India,IN,Nāgāland,Nagaland,True,26.1807,94.5497,landslide,monsoon,medium,unknown,,,"Zhekuto, Nagaland","Zhekuto, Nagaland"
5274,2013-08-04 00:00:00,2013,8,216,India,IN,Nāgāland,Nagaland,True,26.0838,94.564,landslide,rain,medium,unknown,,,"Suruhuto Town, Nagaland","Suruhuto Town, Nagaland"
5268,2013-08-04 00:00:00,2013,8,216,India,IN,Nāgāland,Nagaland,True,26.0137,94.5163,landslide,continuous_rain,medium,unknown,,,"Zunheboto, Nagaland","Zunheboto, Nagaland"
5275,2013-08-04 00:00:00,2013,8,216,India,IN,Nāgāland,Nagaland,True,26.1498,94.6055,landslide,monsoon,medium,unknown,,,"Suruhuto Town, Nagaland","Suruhuto Town, Nagaland"
5263,2013-08-04 23:00:00,2013,8,216,India,IN,Kerala,Kerala,False,9.9995,77.0309,landslide,monsoon,medium,unknown,2.0,,"Kunjuthanni, Idukki, Kerala","Kunjuthanni, Idukki, Kerala"
5285,2013-08-05 00:00:00,2013,8,217,India,IN,Uttarakhand,Uttarakhand,False,29.5659,80.3657,landslide,monsoon,medium,unknown,1.0,1.0,"Jhulaghat Area Of Pithoragarh District, Uttarakhand","Jhulaghat Area Of Pithoragarh District, Uttarakhand"
5284,2013-08-05 00:00:00,2013,8,217,India,IN,Kerala,Kerala,False,10.3228,76.4319,landslide,monsoon,medium,unknown,1.0,,"Nairpara, Kerala","Nairpara, Kerala"
5282,2013-08-05 00:00:00,2013,8,217,India,IN,Kerala,Kerala,False,9.8957,76.9346,landslide,monsoon,medium,unknown,1.0,,"Maniyarankudy, Kerala","Maniyarankudy, Kerala"
5283,2013-08-05 00:00:00,2013,8,217,India,IN,Kerala,Kerala,False,9.8539,76.9468,landslide,monsoon,medium,unknown,1.0,,"Painavu, Kerala","Painavu, Kerala"
5281,2013-08-05 00:00:00,2013,8,217,India,IN,Kerala,Kerala,False,10.0486,76.7606,landslide,unknown,medium,unknown,0.0,,"Villanchira, Near Neryamangalam","Villanchira, Near Neryamangalam"
5277,2013-08-05 05:30:00,2013,8,217,India,IN,Kerala,Kerala,False,10.0539,76.8294,mudslide,monsoon,small,unknown,0.0,,"Cheeyapara Near Neriyamangalam, Kerala","Cheeyapara Near Neriyamangalam, Kerala"
5280,2013-08-05 08:00:00,2013,8,217,India,IN,Kerala,Kerala,False,9.879,76.9683,landslide,monsoon,medium,unknown,2.0,2.0,"Thadiyambadu Near Painavu, Kerala","Thadiyambadu Near Painavu, Kerala"
5278,2013-08-05 09:30:00,2013,8,217,India,IN,Kerala,Kerala,False,10.0539,76.8298,mudslide,monsoon,medium,unknown,5.0,,"Cheeyappara Waterfalls, Ernakulam, Kerala","Cheeyappara Waterfalls, Ernakulam, Kerala"
5287,2013-08-06 07:00:00,2013,8,218,India,IN,Kashmir,Jammu and Kashmir,False,32.8363,75.1489,landslide,downpour,medium,unknown,0.0,,Tunnel Number 16 On The Jammu-Udhampur Section,Tunnel Number 16 On The Jammu-Udhampur Section
5294,2013-08-07 00:00:00,2013,8,219,India,IN,Kerala,Kerala,False,10.3031,76.7604,landslide,monsoon,medium,unknown,,,Ambalappara In Thrissur,Ambalappara In Thrissur
5293,2013-08-07 00:00:00,2013,8,219,India,IN,Kashmir,Jammu and Kashmir,False,32.9913,75.1915,landslide,unknown,small,unknown,,,"Samroli, Udhampur District, Kashmir","Samroli, Udhampur District, Kashmir"
5290,2013-08-07 03:30:00,2013,8,219,India,IN,Himachal Pradesh,Himachal Pradesh,False,32.2322,76.3037,landslide,downpour,medium,unknown,0.0,,"Tirah Lines Which Is Almost 5 Kms From Dharamshala, Himachal Pradesh","Tirah Lines Which Is Almost 5 Kms From Dharamshala, Himachal Pradesh"
5291,2013-08-07 08:00:00,2013,8,219,India,IN,Kerala,Kerala,False,10.0606,76.6331,landslide,monsoon,medium,unknown,0.0,,Kozhipilly In Velliyamattom Village Under Thodupuzha Taluk,Kozhipilly In Velliyamattom Village Under Thodupuzha Taluk
5292,2013-08-07 18:00:00,2013,8,219,India,IN,Kerala,Kerala,False,9.835,76.8661,landslide,monsoon,medium,unknown,0.0,,"Naliyani, Near Thodupuzha Town","Naliyani, Near Thodupuzha Town"
5300,2013-08-09 00:00:00,2013,8,221,India,IN,Nāgāland,Nagaland,True,25.318,94.0441,landslide,downpour,large,unknown,,,"Senapati, Manipur","Senapati, Manipur"
5309,2013-08-10 10:00:00,2013,8,222,India,IN,Orissa,Orissa,False,21.786,83.8847,landslide,downpour,medium,unknown,7.0,2.0,A Coal Mine In Sundergarh District Of Odisha,A Coal Mine In Sundergarh District Of Odisha
5312,2013-08-11 23:00:00,2013,8,223,India,IN,Assam,Assam,True,26.7103,94.693,landslide,downpour,very_large,unknown,0.0,,Kangtsung Village,Kangtsung Village
5323,2013-08-13 00:00:00,2013,8,225,India,IN,Kashmir,Jammu and Kashmir,False,34.2601,75.4466,landslide,downpour,medium,unknown,,,Zojila Pass,Zojila Pass
5320,2013-08-13 08:00:00,2013,8,225,India,IN,Uttarakhand,Uttarakhand,False,30.6014,78.3449,landslide,downpour,medium,unknown,2.0,,"Kot Village Of Tehri District, Uttarakhand","Kot Village Of Tehri District, Uttarakhand"
5332,2013-08-14 00:00:00,2013,8,226,India,IN,Kashmir,Jammu and Kashmir,False,33.7705,74.0967,landslide,downpour,medium,unknown,,,Khanater Village Near Poonch,Khanater Village Near Poonch
5327,2013-08-14 00:00:00,2013,8,226,India,IN,Kashmir,Jammu and Kashmir,False,33.4431,75.1915,landslide,downpour,medium,unknown,,,"Banihal, Ramban District, Kashmir","Banihal, Ramban District, Kashmir"
5329,2013-08-14 00:00:00,2013,8,226,India,IN,Kashmir,Jammu and Kashmir,False,32.9913,75.1915,landslide,downpour,medium,unknown,,,"Samroli, Udhampur District, Kashmir","Samroli, Udhampur District, Kashmir"
5333,2013-08-14 00:00:00,2013,8,226,India,IN,Kashmir,Jammu and Kashmir,False,33.7706,74.0967,landslide,downpour,medium,unknown,3.0,,"Sanjiote Near Poonch, Kashmir","Sanjiote Near Poonch, Kashmir"
5330,2013-08-14 00:00:00,2013,8,226,India,IN,Kashmir,Jammu and Kashmir,False,33.3216,75.1984,landslide,downpour,medium,unknown,,2.0,"Panthal Area, Ramban District, Kashmir","Panthal Area, Ramban District, Kashmir"
5331,2013-08-14 00:00:00,2013,8,226,India,IN,Kashmir,Jammu and Kashmir,False,33.0498,74.6264,landslide,downpour,medium,unknown,,,Jammu-Poonch Highway Near Kalidhar,Jammu-Poonch Highway Near Kalidhar
5328,2013-08-14 00:00:00,2013,8,226,India,IN,Kashmir,Jammu and Kashmir,False,33.3018,75.1793,landslide,downpour,medium,unknown,,,"Ramban District, Kashmir","Ramban District, Kashmir"
5427,2013-08-15 00:00:00,2013,8,227,India,IN,Nāgāland,Nagaland,True,25.3833,94.1884,landslide,downpour,medium,unknown,,,"Koide Government High School, Senapati, Manipur","Koide Government High School, Senapati, Manipur"
5334,2013-08-15 23:00:00,2013,8,227,India,IN,Himachal Pradesh,Himachal Pradesh,False,32.3573,77.3052,landslide,downpour,medium,unknown,,,"Manali-Spiti Road Between Gramphu And Chhatru, Himachal Pradesh","Manali-Spiti Road Between Gramphu And Chhatru, Himachal Pradesh"
5336,2013-08-16 00:00:00,2013,8,228,India,IN,Nāgāland,Nagaland,True,26.3897,94.9439,landslide,rain,medium,unknown,,,"Tobu, Nagaland","Tobu, Nagaland"
5337,2013-08-16 00:00:00,2013,8,228,India,IN,Nāgāland,Nagaland,True,26.4205,94.9731,landslide,rain,medium,unknown,,,"Yakshu, Nagaland","Yakshu, Nagaland"
5338,2013-08-16 00:00:00,2013,8,228,India,IN,Assam,Assam,True,26.8727,94.9275,landslide,rain,medium,unknown,,,"Longlem, Nagaland","Longlem, Nagaland"
5346,2013-08-17 00:00:00,2013,8,229,India,IN,Uttarakhand,Uttarakhand,False,31.0343,78.7248,landslide,rain,medium,unknown,,,"Harsil, Uttarakhand","Harsil, Uttarakhand"
5347,2013-08-17 00:00:00,2013,8,229,India,IN,Uttarakhand,Uttarakhand,False,30.7292,78.4396,landslide,rain,medium,unknown,,,"Uttarkashi, Uttarakhand","Uttarkashi, Uttarakhand"
5341,2013-08-17 15:00:00,2013,8,229,India,IN,Goa,Goa,False,15.5419,73.9214,landslide,downpour,medium,unknown,0.0,1.0,Pilgao-Narvem,Pilgao-Narvem
5343,2013-08-17 23:00:00,2013,8,229,India,IN,Assam,Assam,True,24.7625,93.4341,landslide,continuous_rain,medium,unknown,,,The Imphal-Jiribam Section Of Nh-37 In Tamenglong District,The Imphal-Jiribam Section Of Nh-37 In Tamenglong District
5361,2013-08-18 00:00:00,2013,8,230,India,IN,Himachal Pradesh,Himachal Pradesh,False,31.0826,78.066,landslide,unknown,medium,unknown,,,"Nuranoo, Uttarkashi, Uttarakhand","Nuranoo, Uttarkashi, Uttarakhand"
5359,2013-08-18 00:00:00,2013,8,230,India,IN,Uttarakhand,Uttarakhand,False,30.742,78.4543,landslide,rain,medium,unknown,,,Rishikesh-Gangotri Highway,Rishikesh-Gangotri Highway
5358,2013-08-18 00:00:00,2013,8,230,India,IN,Uttarakhand,Uttarakhand,False,30.6639,78.0574,landslide,rain,medium,unknown,,,Rishkesh-Yamunotri Highway,Rishkesh-Yamunotri Highway
5360,2013-08-18 00:00:00,2013,8,230,India,IN,Uttarakhand,Uttarakhand,False,30.3642,79.3158,landslide,rain,medium,unknown,,,"Chamoli District, Uttarakhand","Chamoli District, Uttarakhand"
5377,2013-08-19 00:00:00,2013,8,231,India,IN,Kashmir,Jammu and Kashmir,False,34.0942,74.0226,landslide,tropical_cyclone,medium,unknown,2.0,,Dara Gutli Village Of Uri Sector In North Kashmir'S Baramulla District,Dara Gutli Village Of Uri Sector In North Kashmir'S Baramulla District
5365,2013-08-19 23:00:00,2013,8,231,India,IN,Uttarakhand,Uttarakhand,False,30.6293,78.3303,debris_flow,downpour,medium,unknown,,,"Nalupani Area Of Uttarkashi District, Uttarakhand","Nalupani Area Of Uttarkashi District, Uttarakhand"
5382,2013-08-21 00:00:00,2013,8,233,India,IN,Himachal Pradesh,Himachal Pradesh,False,31.5375,77.3737,landslide,downpour,medium,unknown,,,Kullu-Anni Highway,Kullu-Anni Highway
5384,2013-08-22 11:00:00,2013,8,234,India,IN,Maharashtra,Maharashtra,False,19.0402,72.9089,landslide,continuous_rain,medium,unknown,0.0,,Panjarpol On The Eastern Freeway,Panjarpol On The Eastern Freeway
5399,2013-08-25 15:00:00,2013,8,237,India,IN,Andhra Pradesh,Andhra Pradesh,False,18.2807,83.0394,rock_fall,other,small,unknown,0.0,,"Borra Caves, Andhra Pradesh","Borra Caves, Andhra Pradesh"
5410,2013-08-28 18:00:00,2013,8,240,India,IN,Uttarakhand,Uttarakhand,False,29.9531,78.1514,landslide,downpour,medium,unknown,0.0,5.0,Haridwar In Uttarakhand Province,Haridwar In Uttarakhand Province
5421,2013-08-30 00:00:00,2013,8,242,India,IN,Nāgāland,Nagaland,True,26.4205,94.9731,mudslide,unknown,medium,unknown,,,"Yakshu, Nagaland","Yakshu, Nagaland"
5431,2013-09-01 00:00:00,2013,9,244,India,IN,Assam,Assam,True,24.9829,93.5063,mudslide,continuous_rain,medium,unknown,0.0,,"Tamenglong, Manipur","Tamenglong, Manipur"
5430,2013-09-01 00:00:00,2013,9,244,India,IN,Manipur,Manipur,True,24.9037,93.487,mudslide,continuous_rain,medium,unknown,0.0,,"Tamenglong- Khongsang Road, Manipur","Tamenglong- Khongsang Road, Manipur"
5429,2013-09-01 18:00:00,2013,9,244,India,IN,Sikkim,Sikkim,True,27.3425,88.2426,landslide,downpour,medium,unknown,5.0,,Tamabong Village In Sikkim State,Tamabong Village In Sikkim State
5442,2013-09-02 00:00:00,2013,9,245,India,IN,Arunāchal Pradesh,Arunachal Pradesh,True,27.1614,93.7525,landslide,downpour,large,unknown,,,Arunachal Pradesh,Arunachal Pradesh
5441,2013-09-02 00:00:00,2013,9,245,India,IN,Arunāchal Pradesh,Arunachal Pradesh,True,28.611,94.9829,landslide,downpour,large,unknown,,,"Gosang Village Under Jengging Circle, Arunachal Pradesh","Gosang Village Under Jengging Circle, Arunachal Pradesh"
5476,2013-09-07 15:00:00,2013,9,250,India,IN,Sikkim,Sikkim,True,27.3736,88.7323,landslide,rain,medium,unknown,0.0,,14 Milestone Of J N Marg Near Kyangnosola (East Sikkim),14 Milestone Of J N Marg Near Kyangnosola (East Sikkim)
5485,2013-09-08 00:00:00,2013,9,251,India,IN,,Unknown,False,27.6047,88.6463,rock_fall,rain,medium,unknown,1.0,2.0,"Chungthang, Sikkim","Chungthang, Sikkim"
5533,2013-09-16 15:00:00,2013,9,259,India,IN,Bengal,West Bengal,False,27.0599,88.4674,landslide,downpour,small,unknown,1.0,,"Kalimpong, West Bengal","Kalimpong, West Bengal"
5552,2013-09-24 00:00:00,2013,9,267,India,IN,Manipur,Manipur,True,25.0985,94.3619,landslide,unknown,medium,unknown,,,"Ukhrul, Manipur","Ukhrul, Manipur"
5554,2013-09-25 07:00:00,2013,9,268,India,IN,Maharashtra,Maharashtra,False,21.6989,74.172,rock_fall,downpour,medium,unknown,8.0,,"Taloda, Nandurbar, Maharashtra","Taloda, Nandurbar, Maharashtra"
5567,2013-09-30 00:00:00,2013,9,273,India,IN,Uttarakhand,Uttarakhand,False,30.6004,78.3154,landslide,unknown,medium,unknown,1.0,,"Dharasu, Uttarkashi, Uttarakhand","Dharasu, Uttarkashi, Uttarakhand"
5565,2013-09-30 00:00:00,2013,9,273,India,IN,Goa,Goa,False,15.7156,73.8049,landslide,unknown,medium,unknown,0.0,,"Pernem, Goa","Pernem, Goa"
5575,2013-10-05 23:00:00,2013,10,278,India,IN,Nāgāland,Nagaland,True,25.8266,94.1497,mudslide,continuous_rain,medium,unknown,0.0,,"Chiechama, Nagaland","Chiechama, Nagaland"
5584,2013-10-06 00:00:00,2013,10,279,India,IN,Assam,Assam,True,26.1665,91.7049,landslide,downpour,medium,unknown,0.0,,"Nilachal Hill, Guwahati, Assam","Nilachal Hill, Guwahati, Assam"
5582,2013-10-06 12:45:00,2013,10,279,India,IN,Assam,Assam,True,26.1309,91.8383,landslide,downpour,medium,unknown,1.0,,"Batahguli, Guwahati, Assam","Batahguli, Guwahati, Assam"
5583,2013-10-06 16:30:00,2013,10,279,India,IN,,Unknown,False,15.6365,74.1158,landslide,downpour,medium,unknown,0.0,,"Ponsuli, Goa","Ponsuli, Goa"
5598,2013-10-11 15:00:00,2013,10,284,India,IN,Himachal Pradesh,Himachal Pradesh,False,32.3665,77.0857,landslide,downpour,medium,unknown,3.0,,"Shetidhar Peak, Himachal Pradesh","Shetidhar Peak, Himachal Pradesh"
5603,2013-10-13 19:30:00,2013,10,286,India,IN,Manipur,Manipur,True,25.426,94.6024,mudslide,downpour,medium,unknown,0.0,,"Tusom, Manipur","Tusom, Manipur"
5608,2013-10-16 18:00:00,2013,10,289,India,IN,Uttarakhand,Uttarakhand,False,30.5345,79.0853,landslide,unknown,medium,unknown,0.0,,"National Highway 109, Uttarakhand","National Highway 109, Uttarakhand"
5611,2013-10-18 09:00:00,2013,10,291,India,IN,Uttarakhand,Uttarakhand,False,30.5345,79.0853,landslide,rain,medium,unknown,0.0,,"National Highway 109, Uttarakhand","National Highway 109, Uttarakhand"
5617,2013-10-25 00:00:00,2013,10,298,India,IN,Andhra Pradesh,Andhra Pradesh,False,16.5175,80.6117,landslide,rain,medium,unknown,0.0,4.0,"Chrsiturajupuram, Vijayawada, Andhra Pradesh","Chrsiturajupuram, Vijayawada, Andhra Pradesh"
5638,2013-11-13 00:00:00,2013,11,317,India,IN,Tamil Nadu,Tamil Nadu,False,8.1747,77.444,landslide,downpour,medium,unknown,0.0,,"Nagercoil, Tamil Nadu","Nagercoil, Tamil Nadu"
5637,2013-11-13 00:00:00,2013,11,317,India,IN,Kerala,Kerala,False,8.4863,76.9517,landslide,downpour,medium,unknown,0.0,,"Thampanoor, Thiruvananthapuram, Kerala","Thampanoor, Thiruvananthapuram, Kerala"
5633,2013-11-13 04:00:00,2013,11,317,India,IN,Kerala,Kerala,False,8.4951,76.921,landslide,downpour,medium,unknown,0.0,,"Valiyasalai, Thiruvananthapuram, Kerala","Valiyasalai, Thiruvananthapuram, Kerala"
5636,2013-11-13 23:00:00,2013,11,317,India,IN,Maharashtra,Maharashtra,False,18.7654,73.364,landslide,downpour,medium,unknown,0.0,,Maharashtra,Maharashtra
5635,2013-11-13 23:00:00,2013,11,317,India,IN,Kerala,Kerala,False,8.4557,77.009,landslide,downpour,medium,unknown,0.0,,"Karakkamandapam, Kerala","Karakkamandapam, Kerala"
5650,2013-11-17 06:00:00,2013,11,321,India,IN,Andhra Pradesh,Andhra Pradesh,False,13.6529,79.3439,rock_fall,downpour,medium,unknown,0.0,,"Tirumala, Andhra Pradesh","Tirumala, Andhra Pradesh"
5652,2013-11-20 23:30:00,2013,11,324,India,IN,Maharashtra,Maharashtra,False,20.0014,73.7917,landslide,unknown,medium,unknown,0.0,,"Kazigadi Near Nashik, Maharashtra","Kazigadi Near Nashik, Maharashtra"
5660,2013-11-24 23:00:00,2013,11,328,India,IN,Tamil Nadu,Tamil Nadu,False,11.344,76.8691,rock_fall,downpour,medium,unknown,0.0,,"Kallar, Tamil Nadu","Kallar, Tamil Nadu"
5683,2013-12-10 10:30:00,2013,12,344,India,IN,,Unknown,False,15.7051,74.2197,landslide,mining,small,unknown,0.0,4.0,"Kankumbi, Karnataka","Kankumbi, Karnataka"
5864,2014-02-12 00:00:00,2014,2,43,India,IN,Himachal Pradesh,Himachal Pradesh,False,31.8246,77.4702,landslide,snowfall_snowmelt,large,unknown,0.0,0.0,"Siund - Neuli Rd, Neuli Shanshar, Himachal Pradesh 175123","Siund - Neuli Rd, Neuli Shanshar, Himachal Pradesh 175123"
5897,2014-02-23 18:00:00,2014,2,54,India,IN,Kashmir,Jammu and Kashmir,False,33.2359,75.244,landslide,unknown,large,above_road,2.0,0.0, Ramban district of Jammu and Kashmir, Ramban district of Jammu and Kashmir
5940,2014-03-10 00:00:00,2014,3,69,India,IN,Kashmir,Jammu and Kashmir,False,33.2359,75.2439,landslide,snowfall_snowmelt,medium,above_road,0.0,0.0,Jammu and Kashmir,Jammu and Kashmir
5943,2014-03-11 00:00:00,2014,3,70,India,IN,Kashmir,Jammu and Kashmir,False,34.0823,74.056,landslide,continuous_rain,large,above_road,0.0,0.0,Azad Jammu and Kashmir,Azad Jammu and Kashmir
5970,2014-03-20 00:00:00,2014,3,79,India,IN,Kashmir,Jammu and Kashmir,False,33.2355,75.2449,landslide,unknown,medium,above_road,0.0,0.0,Ramban,Ramban
5994,2014-04-15 00:00:00,2014,4,105,India,IN,Kashmir,Jammu and Kashmir,False,34.209,74.3524,landslide,unknown,small,unknown,1.0,0.0,"Patan, Baramulla District","Patan, Baramulla District"
6011,2014-05-04 00:00:00,2014,5,124,India,IN,Tamil Nadu,Tamil Nadu,False,11.3403,76.8267,landslide,rain,small,above_road,0.0,0.0,Adderlie near Coonoor,Adderlie near Coonoor
6014,2014-05-07 17:30:00,2014,5,127,India,IN,Maharashtra,Maharashtra,False,18.5158,73.1822,landslide,rain,small,above_road,0.0,0.0,"Raigad District, Maharashtra","Raigad District, Maharashtra"
6015,2014-05-08 00:00:00,2014,5,128,India,IN,Arunachal Pradesh,Arunachal Pradesh,True,27.9032,96.174,mudslide,rain,medium,above_road,0.0,0.0,Lohit District of Arunachal Pradesh,Lohit District of Arunachal Pradesh
6016,2014-05-09 23:00:00,2014,5,129,India,IN,Assam,Assam,True,24.8669,92.3576,landslide,rain,small,unknown,7.0,0.0,"Satgarakul Village, Karimganj, Assam State","Satgarakul Village, Karimganj, Assam State"
6022,2014-05-12 00:00:00,2014,5,132,India,IN,Kashmir,Jammu and Kashmir,False,34.0893,74.0241,landslide,rain,small,above_road,0.0,0.0,Srinagar Muzafarabad Road,Srinagar Muzafarabad Road
6024,2014-05-14 00:00:00,2014,5,134,India,IN,Kashmir,Jammu and Kashmir,False,33.2394,75.2405,landslide,rain,small,unknown,2.0,0.0,Ramban,Ramban
6036,2014-05-22 09:00:00,2014,5,142,India,IN,Goa,Goa,False,15.4951,73.8288,landslide,downpour,small,above_road,0.0,0.0,"Altinho, Goa","Altinho, Goa"
6084,2014-06-22 03:00:00,2014,6,173,India,IN,Kerala,Kerala,False,9.9983,76.7329,landslide,rain,medium,unknown,0.0,0.0,"Kadavoor, Kerala","Kadavoor, Kerala"
6107,2014-06-26 23:00:00,2014,6,177,India,IN,Assam,Assam,True,26.1844,91.7896,landslide,continuous_rain,small,unknown,1.0,0.0,Bamunimaidam,Bamunimaidam
6106,2014-06-26 23:00:00,2014,6,177,India,IN,Assam,Assam,True,26.1407,91.7645,landslide,continuous_rain,small,unknown,3.0,0.0,Narakasur,Narakasur
6105,2014-06-26 23:00:00,2014,6,177,India,IN,Arunachal Pradesh,Arunachal Pradesh,True,28.9205,95.3429,landslide,continuous_rain,medium,above_road,0.0,0.0,Arunachal Pradesh,Arunachal Pradesh
6110,2014-06-27 00:00:00,2014,6,178,India,IN,Assam,Assam,True,26.1619,91.7697,landslide,rain,small,unknown,3.0,0.0,"Bhangagarh, Assam","Bhangagarh, Assam"
6112,2014-06-28 09:00:00,2014,6,179,India,IN,Assam,Assam,True,26.1964,91.7652,landslide,rain,medium,unknown,0.0,0.0,"Kharghuli Hills, Assam","Kharghuli Hills, Assam"
6143,2014-07-14 18:00:00,2014,7,195,India,IN,Mizoram,Mizoram,True,23.7327,92.7463,landslide,downpour,medium,unknown,1.0,2.0,"Zembabawk, Aizawl","Zembabawk, Aizawl"
6146,2014-07-15 00:00:00,2014,7,196,India,IN,West Bengal,West Bengal,False,27.059,88.4694,landslide,rain,small,above_road,0.0,0.0,"Kalimpong, West Bengal","Kalimpong, West Bengal"
6162,2014-07-19 05:00:00,2014,7,200,India,IN,Uttarakhand,Uttarakhand,False,30.4305,78.0803,landslide,rain,small,above_road,0.0,0.0,"Mussoorie, Uttarakhand","Mussoorie, Uttarakhand"
6167,2014-07-20 00:00:00,2014,7,201,India,IN,Uttarakhand,Uttarakhand,False,30.6326,78.9953,landslide,continuous_rain,small,above_road,3.0,0.0,"Sonprayag, Uttarakhand","Sonprayag, Uttarakhand"
6174,2014-07-22 05:30:00,2014,7,203,India,IN,Kashmir,Jammu and Kashmir,False,33.2395,75.2406,landslide,rain,small,above_road,0.0,0.0,"Ramban, Kashmir","Ramban, Kashmir"
6177,2014-07-23 23:30:00,2014,7,204,India,IN,Uttarakhand,Uttarakhand,False,29.1585,79.1464,landslide,continuous_rain,small,above_road,2.0,0.0,"Bazpur, Uttarakhand","Bazpur, Uttarakhand"
6184,2014-07-28 00:00:00,2014,7,209,India,IN,Uttarakhand,Uttarakhand,False,29.5829,80.2182,landslide,continuous_rain,medium,unknown,7.0,12.0,"Pithauragadh, Uttarakhand","Pithauragadh, Uttarakhand"
6462,2014-07-30 00:00:00,2014,7,211,India,IN,Maharashtra,Maharashtra,False,19.678,73.5036,landslide,construction,medium,mine,0.0,0.0,a hillock between Kasara and Igatpuri,a hillock between Kasara and Igatpuri
6186,2014-07-30 09:00:00,2014,7,211,India,IN,Maharashtra,Maharashtra,False,19.162,73.6873,mudslide,continuous_rain,large,deforested_slope,151.0,0.0,"Malin, Pune, Maharashtra","Malin, Pune, Maharashtra"
6188,2014-08-02 09:00:00,2014,8,214,India,IN,Kerala,Kerala,False,9.9431,76.3738,landslide,continuous_rain,small,above_road,0.0,0.0,"Thiruvankulam, Kerala","Thiruvankulam, Kerala"
6189,2014-08-03 09:00:00,2014,8,215,India,IN,State of Odisha,State Of Odisha,False,19.1497,83.6299,landslide,continuous_rain,small,above_road,0.0,0.0,"Rayagada, Odisha","Rayagada, Odisha"
6432,2014-08-04 23:00:00,2014,8,216,India,IN,Haryana,Haryana,False,30.709,76.9834,complex,downpour,medium,above_road,0.0,0.0,Thana village,Thana village
7367,2014-08-08 00:00:00,2014,8,220,India,IN,Himachal Pradesh,Himachal Pradesh,False,32.2237,76.3369,landslide,unknown,medium,deforested_slope,0.0,0.0,Chohla,Chohla
6460,2014-08-09 08:00:00,2014,8,221,India,IN,Bihar,Bihar,False,24.544,85.3492,rock_fall,unknown,medium,unknown,0.0,0.0,Baskatwa in Gaya district,Baskatwa in Gaya district
6513,2014-08-14 23:00:00,2014,8,226,India,IN,Tripura,Tripura,True,23.0137,91.7174,mudslide,downpour,medium,unknown,3.0,0.0,Sabroom,Sabroom
6510,2014-08-15 00:00:00,2014,8,227,India,IN,Uttarakhand,Uttarakhand,False,30.1176,78.7472,debris_flow,rain,medium,unknown,14.0,0.0,Pauri district of Uttarakhand,Pauri district of Uttarakhand
6197,2014-08-16 23:00:00,2014,8,228,India,IN,Kashmir,Jammu and Kashmir,False,33.0272,74.9465,landslide,downpour,medium,above_road,0.0,0.0,Jammu and Kashmir between Adhkuwari and Bhawan at Devi Dwar,Jammu and Kashmir between Adhkuwari and Bhawan at Devi Dwar
6200,2014-08-17 00:00:00,2014,8,229,India,IN,Arunachal Pradesh,Arunachal Pradesh,True,27.0869,93.6086,landslide,downpour,large,unknown,0.0,0.0,Arunachal Pradesh/Itanagar,Arunachal Pradesh/Itanagar
6530,2014-08-17 18:00:00,2014,8,229,India,IN,Kashmir,Jammu and Kashmir,False,34.5382,74.2493,landslide,downpour,medium,unknown,0.0,0.0,Rengpeth village,Rengpeth village
6525,2014-08-18 00:00:00,2014,8,230,India,IN,Uttarakhand,Uttarakhand,False,30.9936,78.4594,landslide,downpour,medium,above_road,0.0,0.0,Yamunotri route,Yamunotri route
6539,2014-08-20 18:00:00,2014,8,232,India,IN,Gujarat,Gujarat,False,20.5349,73.1703,landslide,rain,medium,unknown,0.0,0.0,Korwad village of Dharampur taluka in Valsad district,Korwad village of Dharampur taluka in Valsad district
6538,2014-08-20 23:00:00,2014,8,232,India,IN,Himachal Pradesh,Himachal Pradesh,False,31.5216,78.1346,landslide,unknown,medium,above_road,2.0,0.0,near Meeru on Chulling-Tapri road,near Meeru on Chulling-Tapri road
6544,2014-08-22 22:30:00,2014,8,234,India,IN,Tamil Nadu,Tamil Nadu,False,11.683,77.571,other,downpour,medium,above_road,0.0,0.0,second hairpin bend near Varattupallam,second hairpin bend near Varattupallam
6552,2014-08-26 00:00:00,2014,8,238,India,IN,Himachal Pradesh,Himachal Pradesh,False,31.5593,77.9277,landslide,unknown,medium,unknown,2.0,3.0,a village near Bhavanagar,a village near Bhavanagar
6414,2014-09-02 18:00:00,2014,9,245,India,IN,Maharashtra,Maharashtra,False,19.2677,73.0618,landslide,continuous_rain,small,unknown,1.0,7.0,Gayatri Nagar,Gayatri Nagar
6371,2014-09-03 00:00:00,2014,9,246,India,IN,Kashmir,Jammu and Kashmir,False,33.1253,74.8288,landslide,downpour,medium,unknown,5.0,0.0,Kala Zar in Reasi district,Kala Zar in Reasi district
6370,2014-09-04 00:00:00,2014,9,247,India,IN,Kashmir,Jammu and Kashmir,False,33.798,74.2562,landslide,rain,medium,unknown,1.0,0.0,Mandi belt along LoC,Mandi belt along LoC
6369,2014-09-04 00:00:00,2014,9,247,India,IN,Kashmir,Jammu and Kashmir,False,33.0086,74.9426,rock_fall,downpour,small,above_road,0.0,3.0,Adhkuwari,Adhkuwari
6358,2014-09-06 00:00:00,2014,9,249,India,IN,Kashmir,Jammu and Kashmir,False,32.8468,75.137,landslide,rain,medium,unknown,5.0,0.0,Rakha Jaganoo,Rakha Jaganoo
6359,2014-09-06 00:00:00,2014,9,249,India,IN,Kashmir,Jammu and Kashmir,False,32.9148,75.0556,other,rain,medium,unknown,2.0,1.0,Rakh batla belt in Udhampur,Rakh batla belt in Udhampur
6339,2014-09-06 00:00:00,2014,9,249,India,IN,Kashmir,Jammu and Kashmir,False,33.5405,74.3723,landslide,downpour,medium,unknown,13.0,0.0,Thanmandi area of Rajouri,Thanmandi area of Rajouri
6294,2014-09-06 00:00:00,2014,9,249,India,IN,Kashmir,Jammu and Kashmir,False,33.3551,74.5128,landslide,continuous_rain,medium,unknown,3.0,0.0,Dhok Bagla near Kotranka,Dhok Bagla near Kotranka
6225,2014-09-07 00:00:00,2014,9,250,India,IN,Kashmir,Jammu and Kashmir,False,33.0677,75.1466,mudslide,downpour,medium,unknown,41.0,0.0,Saddal village in Pancheri block,Saddal village in Pancheri block
6331,2014-09-08 00:00:00,2014,9,251,India,IN,Nagaland,Nagaland,True,25.9466,94.6279,mudslide,unknown,medium,unknown,0.0,0.0,Kiphire-Seyochung road near Yangzitong village,Kiphire-Seyochung road near Yangzitong village
6337,2014-09-09 23:00:00,2014,9,252,India,IN,Himachal Pradesh,Himachal Pradesh,False,31.7766,76.9832,landslide,unknown,large,above_river,0.0,0.0,Uhl river in Kamand area,Uhl river in Kamand area
6340,2014-09-11 00:00:00,2014,9,254,India,IN,Rajasthan,Rajasthan,False,24.1965,73.703,landslide,continuous_rain,medium,above_road,0.0,0.0,Parsad on NH-8,Parsad on NH-8
6341,2014-09-11 00:00:00,2014,9,254,India,IN,Uttarakhand,Uttarakhand,False,30.688,79.0478,landslide,downpour,medium,above_road,0.0,0.0,Gaurikund-Kedarnath pedestrian trek,Gaurikund-Kedarnath pedestrian trek
6338,2014-09-11 00:00:00,2014,9,254,India,IN,Kashmir,Jammu and Kashmir,False,33.2611,75.2138,landslide,unknown,small,unknown,0.0,0.0,Ramban district,Ramban district
6291,2014-09-21 00:00:00,2014,9,264,India,IN,Meghalaya,Meghalaya,True,25.7354,90.3852,landslide,continuous_rain,large,unknown,0.0,0.0,National Highway 51,National Highway 51
6282,2014-09-22 00:00:00,2014,9,265,India,IN,Assam,Assam,True,26.1097,91.7747,landslide,rain,small,urban,1.0,0.0,Lalmati,Lalmati
6283,2014-09-22 00:00:00,2014,9,265,India,IN,Assam,Assam,True,26.1314,91.7548,landslide,rain,small,unknown,0.0,0.0,Dakhingaon,Dakhingaon
6288,2014-09-22 00:00:00,2014,9,265,India,IN,Assam,Assam,True,26.1985,91.7998,landslide,rain,small,unknown,0.0,0.0,Noonmati,Noonmati
6287,2014-09-22 00:00:00,2014,9,265,India,IN,Assam,Assam,True,26.1295,91.7056,landslide,rain,small,unknown,0.0,0.0,Dhirenpara,Dhirenpara
6289,2014-09-22 00:00:00,2014,9,265,India,IN,Assam,Assam,True,26.1001,91.6849,landslide,rain,small,unknown,0.0,0.0,Pamohi,Pamohi
6284,2014-09-22 00:00:00,2014,9,265,India,IN,Assam,Assam,True,26.1324,91.8342,landslide,rain,small,unknown,0.0,1.0,Batahghuli,Batahghuli
6286,2014-09-22 00:00:00,2014,9,265,India,IN,Assam,Assam,True,26.1044,91.7082,landslide,rain,small,unknown,0.0,0.0,Garchuk,Garchuk
6285,2014-09-22 00:00:00,2014,9,265,India,IN,Assam,Assam,True,26.159,91.8178,landslide,rain,small,above_road,0.0,0.0,VIP Road,VIP Road
6292,2014-09-23 00:00:00,2014,9,266,India,IN,Assam,Assam,True,25.7238,89.9032,landslide,continuous_rain,small,unknown,1.0,0.0,Hatsingimari,Hatsingimari
6290,2014-09-23 03:00:00,2014,9,266,India,IN,Meghalaya,Meghalaya,True,25.5772,91.8666,landslide,continuous_rain,small,urban,8.0,1.0,Mawbah under Mawprem area,Mawbah under Mawprem area
6213,2014-09-24 00:00:00,2014,9,267,India,IN,Meghalaya,Meghalaya,True,25.8143,90.5763,landslide,continuous_rain,large,unknown,0.0,0.0,Meghalaya,Meghalaya
6263,2014-09-26 00:00:00,2014,9,269,India,IN,Kashmir,Jammu and Kashmir,False,33.0365,74.4889,landslide,continuous_rain,medium,unknown,0.0,0.0,Surankote in Jammu and Kashmir,Surankote in Jammu and Kashmir
6222,2014-10-01 11:00:00,2014,10,274,India,IN,Arunachal Pradesh,Arunachal Pradesh,True,27.1249,93.7706,landslide,unknown,small,above_road,5.0,0.0,Karsingsa block point,Karsingsa block point
6214,2014-10-05 17:45:00,2014,10,278,India,IN,Meghalaya,Meghalaya,True,25.9702,91.8587,landslide,rain,medium,above_road,1.0,0.0,Jorabat-Umiam route,Jorabat-Umiam route
6237,2014-10-09 00:00:00,2014,10,282,India,IN,Kerala,Kerala,False,10.9654,76.5516,debris_flow,flooding,medium,above_river,0.0,0.0,Carmel School in Palakkayam,Carmel School in Palakkayam
6307,2014-10-12 00:00:00,2014,10,285,India,IN,Odisha,Odisha,False,19.1008,84.0502,landslide,tropical_cyclone,medium,unknown,0.0,0.0,Putupadal gram panchayat in Nuagada block,Putupadal gram panchayat in Nuagada block
6264,2014-10-12 00:00:00,2014,10,285,India,IN,Odisha,Odisha,False,19.2046,84.1917,landslide,tropical_cyclone,large,natural_slope,0.0,0.0,Panikikata hill,Panikikata hill
6250,2014-10-12 18:00:00,2014,10,285,India,IN,Andhra Pradesh,Andhra Pradesh,False,18.3297,82.9565,debris_flow,tropical_cyclone,medium,unknown,5.0,0.0,Medrasula village of Madula panchayat of Araku mandal,Medrasula village of Madula panchayat of Araku mandal
6247,2014-10-15 00:00:00,2014,10,288,India,IN,Himachal Pradesh,Himachal Pradesh,False,31.0164,77.0991,landslide,mining,medium,above_road,2.0,3.0,Kashmaari village in Solan district,Kashmaari village in Solan district
6293,2014-10-20 00:00:00,2014,10,293,India,IN,Meghalaya,Meghalaya,True,25.5006,90.0896,landslide,rain,medium,unknown,6.0,0.0,South West Garo Hills,South West Garo Hills
6299,2014-10-26 00:00:00,2014,10,299,India,IN,Kashmir,Jammu and Kashmir,False,33.1206,75.3142,landslide,unknown,medium,above_road,0.0,0.0,Batote,Batote
6322,2014-10-27 09:00:00,2014,10,300,India,IN,Tamil Nadu,Tamil Nadu,False,10.2379,77.6377,rock_fall,downpour,medium,above_road,0.0,0.0,Dum Dum Parai,Dum Dum Parai
6374,2014-11-06 18:00:00,2014,11,310,India,IN,Kashmir,Jammu and Kashmir,False,33.1261,75.4481,landslide,unknown,medium,above_road,0.0,0.0,"Chakwa bridge, 9 kilomters short of Doda","Chakwa bridge, 9 kilomters short of Doda"
6356,2014-11-07 00:00:00,2014,11,311,India,IN,Kashmir,Jammu and Kashmir,False,32.9411,75.0922,mudslide,downpour,medium,other,0.0,0.0,Ramnagar railway station,Ramnagar railway station
6730,2014-12-31 00:00:00,2014,12,365,India,IN,Kashmir,Jammu and Kashmir,False,33.287,77.2853,landslide,unknown,large,natural_slope,0.0,0.0,Tsarap River,Tsarap River
6631,2015-01-05 09:00:00,2015,1,5,India,IN,Uttar Pradesh,Uttar Pradesh,False,28.6363,77.3957,other,unknown,small,below_road,0.0,0.0,Hindon River in Ghaziabad,Hindon River in Ghaziabad
6734,2015-01-29 10:00:00,2015,1,29,India,IN,NCT,Nct,False,28.5714,77.2135,mudslide,unknown,small,mine,1.0,3.0,construction site in East Kidwai Nagar,construction site in East Kidwai Nagar
6840,2015-02-05 00:00:00,2015,2,36,India,IN,Kashmir,Jammu and Kashmir,False,33.7453,74.1794,landslide,unknown,medium,unknown,0.0,0.0,Kalsan village near Bagial Dhara,Kalsan village near Bagial Dhara
6775,2015-02-14 00:00:00,2015,2,45,India,IN,Assam,Assam,True,26.1468,91.6469,landslide,mining,small,mine,1.0,2.0,Kailashpur hill,Kailashpur hill
6786,2015-02-19 23:00:00,2015,2,50,India,IN,Assam,Assam,True,24.6108,92.562,landslide,mining,medium,mine,2.0,1.0,"Hailākāndi : Two labourers died while another was injured in a landslide in Assam's Hailakandi district, the police said today.",
6804,2015-02-26 00:00:00,2015,2,57,India,IN,Kashmir,Jammu and Kashmir,False,33.3376,75.1922,landslide,unknown,medium,above_road,2.0,2.0,Ramsu,Ramsu
6842,2015-03-02 00:00:00,2015,3,61,India,IN,Kashmir,Jammu and Kashmir,False,33.3296,75.203,landslide,continuous_rain,medium,above_road,0.0,0.0,Magarkote,Magarkote
6841,2015-03-05 00:00:00,2015,3,64,India,IN,Kashmir,Jammu and Kashmir,False,33.1213,75.2449,landslide,unknown,medium,unknown,0.0,0.0,Sanasar area of district Ramban,Sanasar area of district Ramban
6827,2015-03-05 00:00:00,2015,3,64,India,IN,Kashmir,Jammu and Kashmir,False,34.2092,74.321,landslide,continuous_rain,medium,above_road,0.0,0.0,Srinagar-Muzaffarabad road near Dankhan area in Baramulla,Srinagar-Muzaffarabad road near Dankhan area in Baramulla
6851,2015-03-10 04:00:00,2015,3,69,India,IN,Himachal Pradesh,Himachal Pradesh,False,32.5612,76.1238,mudslide,downpour,medium,unknown,0.0,0.0,"2 MW Sal-II hydropower project, on the outskirts of Chamba","2 MW Sal-II hydropower project, on the outskirts of Chamba"
6889,2015-03-15 00:00:00,2015,3,74,India,IN,Kashmir,Jammu and Kashmir,False,34.0786,74.3836,landslide,continuous_rain,medium,unknown,0.0,0.0,Bandibala,Bandibala
6908,2015-03-15 00:00:00,2015,3,74,India,IN,Kashmir,Jammu and Kashmir,False,33.0977,75.5787,landslide,unknown,medium,above_road,0.0,0.0,Doda-Bhaderwah highway,Doda-Bhaderwah highway
6872,2015-03-15 00:00:00,2015,3,74,India,IN,Kashmir,Jammu and Kashmir,False,33.7732,74.1011,mudslide,rain,medium,unknown,1.0,0.0,Poonch district,Poonch district
6890,2015-03-15 00:00:00,2015,3,74,India,IN,Kashmir,Jammu and Kashmir,False,34.0968,74.4117,landslide,continuous_rain,medium,unknown,0.0,0.0,Hajibal,Hajibal
6891,2015-03-15 00:00:00,2015,3,74,India,IN,Kashmir,Jammu and Kashmir,False,34.1327,74.5594,landslide,continuous_rain,small,unknown,0.0,0.0,Shirpora,Shirpora
6867,2015-03-15 18:00:00,2015,3,74,India,IN,Kashmir,Jammu and Kashmir,False,33.8911,74.9781,landslide,continuous_rain,small,unknown,1.0,1.0,"Sonrigund Malangpora, Pulwama","Sonrigund Malangpora, Pulwama"
6871,2015-03-15 18:00:00,2015,3,74,India,IN,Kashmir,Jammu and Kashmir,False,33.6846,74.2453,mudslide,snowfall_snowmelt,medium,unknown,1.0,0.0,Haari village of Poonch district,Haari village of Poonch district
6873,2015-03-15 23:00:00,2015,3,74,India,IN,Kashmir,Jammu and Kashmir,False,33.0809,75.2966,landslide,snowfall_snowmelt,medium,above_road,0.0,0.0,Kheri,Kheri
7591,2015-03-19 00:00:00,2015,3,78,India,IN,Assam,Assam,True,25.0318,92.4584,landslide,rain,small,unknown,0.0,0.0,Ratacherra,Ratacherra
6907,2015-03-21 00:00:00,2015,3,80,India,IN,Kashmir,Jammu and Kashmir,False,33.1754,75.8103,landslide,continuous_rain,medium,above_road,0.0,0.0,Chena Bhati in Karara,Chena Bhati in Karara
6874,2015-03-22 23:00:00,2015,3,81,India,IN,Kashmir,Jammu and Kashmir,False,33.3343,75.1969,landslide,snowfall_snowmelt,medium,above_road,0.0,0.0,Jammu-Srinagar national highway,Jammu-Srinagar national highway
6932,2015-03-23 00:00:00,2015,3,82,India,IN,Kashmir,Jammu and Kashmir,False,34.0796,74.0357,landslide,continuous_rain,medium,above_road,0.0,0.0,Uri,Uri
6931,2015-03-23 00:00:00,2015,3,82,India,IN,Kashmir,Jammu and Kashmir,False,33.7099,74.7959,landslide,continuous_rain,large,unknown,0.0,0.0,Shopian district,Shopian district
6925,2015-03-28 00:00:00,2015,3,87,India,IN,Kashmir,Jammu and Kashmir,False,33.0186,75.2405,landslide,downpour,medium,above_road,0.0,0.0,Srinagar-Jammu national highway,Srinagar-Jammu national highway
6924,2015-03-28 18:00:00,2015,3,87,India,IN,Kashmir,Jammu and Kashmir,False,33.9548314,74.79428356,landslide,downpour,medium,urban,0.0,0.0,Chontinar village of central Kashmir Budgam district,Chontinar village of central Kashmir Budgam district
6934,2015-03-30 00:00:00,2015,3,89,India,IN,Kashmir,Jammu and Kashmir,False,34.0096,74.5915,landslide,continuous_rain,medium,unknown,0.0,0.0,Karewas sink,Beerwah
7171,2015-03-30 00:00:00,2015,3,89,India,IN,Kashmir,Jammu and Kashmir,False,33.9445,74.799,landslide,continuous_rain,medium,unknown,16.0,0.0,16 dead in Chadoora,Laden in Chadoora
6933,2015-03-30 00:00:00,2015,3,89,India,IN,Kashmir,Jammu and Kashmir,False,33.9344,74.6566,landslide,continuous_rain,medium,unknown,0.0,0.0,Three houses had sunk,Khansahib
6928,2015-03-31 00:00:00,2015,3,90,India,IN,Uttarakhand,Uttarakhand,False,30.6145,79.8102,landslide,construction,medium,above_road,4.0,0.0,Joshimath-Mallari road,Joshimath-Mallari road
7176,2015-04-02 00:00:00,2015,4,92,India,IN,Kashmir,Jammu and Kashmir,False,34.1587,74.4725,landslide,continuous_rain,medium,natural_slope,0.0,0.0,Frasthar,Frasthar
7174,2015-04-03 00:00:00,2015,4,93,India,IN,Kashmir,Jammu and Kashmir,False,34.0886,74.0301,landslide,continuous_rain,small,unknown,4.0,2.0,"Uri, Baramulla district","Uri, Baramulla district"
7178,2015-04-03 00:00:00,2015,4,93,India,IN,Kashmir,Jammu and Kashmir,False,34.0604,74.4203,landslide,continuous_rain,small,other,0.0,0.0,"Reshi Mohalla, Tangmarg","Reshi Mohalla, Tangmarg"
7172,2015-04-03 00:00:00,2015,4,93,India,IN,Kashmir,Jammu and Kashmir,False,33.1445,75.5469,landslide,continuous_rain,medium,unknown,4.0,0.0,Diwalkund in Dessa belt of Doda district,Diwalkund in Dessa belt of Doda district
7185,2015-04-03 00:00:00,2015,4,93,India,IN,Himachal Pradesh,Himachal Pradesh,False,32.2934,77.1803,landslide,downpour,small,above_road,0.0,0.0,"3km ahead of Palchan, Manali-Palchan","3km ahead of Palchan, Manali-Palchan"
7177,2015-04-03 15:00:00,2015,4,93,India,IN,Kashmir,Jammu and Kashmir,False,34.0978,74.4016,landslide,continuous_rain,medium,natural_slope,0.0,0.0,Nambilnar,Nambilnar
7175,2015-04-05 00:00:00,2015,4,95,India,IN,Kashmir,Jammu and Kashmir,False,33.9243,74.6163,landslide,continuous_rain,medium,unknown,0.0,0.0,"Wadpora, Budgam near Vidyala School","Wadpora, Budgam near Vidyala School"
7168,2015-04-07 00:00:00,2015,4,97,India,IN,Kashmir,Jammu and Kashmir,False,34.2088,74.3279,landslide,continuous_rain,medium,urban,0.0,1.0,Khanpora,Khanpora
7167,2015-04-08 00:00:00,2015,4,98,India,IN,Kashmir,Jammu and Kashmir,False,34.6609,73.9593,landslide,continuous_rain,small,above_road,0.0,3.0,Keran,Keran
7127,2015-04-22 16:00:00,2015,4,112,India,IN,Karnataka,Karnataka,False,12.8659,74.8852,mudslide,downpour,small,above_road,0.0,0.0,under the third and fourth Padil-Bajal under-bridge railway tracks,under the third and fourth Padil-Bajal under-bridge railway tracks
7123,2015-04-26 00:00:00,2015,4,116,India,IN,Andhra Pradesh,Andhra Pradesh,False,16.5172,80.6024,landslide,unknown,small,above_road,0.0,0.0,"Head Water Works, Kummaripalem, Vijayawada","Head Water Works, Kummaripalem, Vijayawada"
7111,2015-04-28 00:00:00,2015,4,118,India,IN,Uttarakhand,Uttarakhand,False,30.5631,79.5765,landslide,continuous_rain,small,above_road,0.0,0.0,"Vishnuprayag, Joshimath","Vishnuprayag, Joshimath"
7110,2015-04-30 00:00:00,2015,4,120,India,IN,Uttarakhand,Uttarakhand,False,30.5568,79.5541,landslide,continuous_rain,small,above_road,0.0,0.0,Rishikesh-Badrinath National Highway near Joshimath,Rishikesh-Badrinath National Highway near Joshimath
7062,2015-05-14 09:00:00,2015,5,134,India,IN,Kashmir,Jammu and Kashmir,False,33.6303,74.4838,landslide,downpour,small,above_road,0.0,0.0,"Poshiana, 27 km point of road from Bafliaz","Poshiana, 27 km point of road from Bafliaz"
7031,2015-05-24 00:00:00,2015,5,144,India,IN,Sikkim,Sikkim,True,27.6163,88.6586,landslide,unknown,medium,above_road,0.0,0.0,"Bop, Sikkim","Bop, Sikkim"
7026,2015-05-30 00:00:00,2015,5,150,India,IN,Kashmir,Jammu and Kashmir,False,34.2607,75.4446,landslide,rain,small,above_road,0.0,0.0,Zojila Pass,Zojila Pass
6971,2015-06-09 00:00:00,2015,6,160,India,IN,Arunachal Pradesh,Arunachal Pradesh,True,27.0987,93.816,landslide,continuous_rain,medium,above_road,2.0,2.0,"Itanagar, Arunachal Pradesh","Itanagar, Arunachal Pradesh"
6972,2015-06-12 11:15:00,2015,6,163,India,IN,Maharashtra,Maharashtra,False,19.1209,72.8406,landslide,downpour,small,above_road,0.0,2.0,"Gilbert Hill, Andheri West, Mumbai","Gilbert Hill, Andheri West, Mumbai"
6968,2015-06-13 00:00:00,2015,6,164,India,IN,Meghalaya,Meghalaya,True,25.463,92.2121,landslide,continuous_rain,medium,unknown,4.0,2.0,"Ratacherra village along the NH-44 connecting to Barak Valley in Assam and Tripura, Meghalaya, Mizoramon","Ratacherra village along the NH-44 connecting to Barak Valley in Assam and Tripura, Meghalaya, Mizoramon"
6967,2015-06-13 06:30:00,2015,6,164,India,IN,West Bengal,West Bengal,False,27.0165,88.2476,landslide,downpour,medium,above_road,0.0,0.0,"Darjeeling Heritage Railway, Darjeeling","Darjeeling Heritage Railway, Darjeeling"
6970,2015-06-16 00:00:00,2015,6,167,India,IN,Meghalaya,Meghalaya,True,25.5084,90.2191,rock_fall,downpour,small,above_road,1.0,0.0,Akonggre,Akonggre
6969,2015-06-16 06:15:00,2015,6,167,India,IN,Meghalaya,Meghalaya,True,25.5114,90.215,landslide,downpour,medium,urban,4.0,0.0,"Nakham Bazaar, Tura, Meghalaya","Nakham Bazaar, Tura, Meghalaya"
6965,2015-06-17 00:00:00,2015,6,168,India,IN,West Bengal,West Bengal,False,27.0257,88.4301,landslide,downpour,small,unknown,0.0,0.0,"National Highway 31A, Darjeeling Hills","National Highway 31A, Darjeeling Hills"
6966,2015-06-17 00:00:00,2015,6,168,India,IN,West Bengal,West Bengal,False,26.9974,88.4314,landslide,downpour,small,unknown,0.0,0.0,"National Highway 31A, Darjeeling Hills","National Highway 31A, Darjeeling Hills"
6964,2015-06-17 00:00:00,2015,6,168,India,IN,West Bengal,West Bengal,False,27.0087,88.443,landslide,downpour,small,unknown,0.0,0.0,"National Highway 31A, Darjeeling Hills","National Highway 31A, Darjeeling Hills"
6962,2015-06-18 22:00:00,2015,6,169,India,IN,Goa,Goa,False,15.4465,73.927,landslide,continuous_rain,medium,unknown,0.0,0.0,Dhaktebhat in Dongri village of St Andre constituency,Dhaktebhat in Dongri village of St Andre constituency
6945,2015-06-19 00:00:00,2015,6,170,India,IN,Manipur,Manipur,True,25.16,93.686,landslide,monsoon,medium,above_road,0.0,0.0,"amei to Kangpokpi via Imphal road, 0.5 km from Tamei, Tamenglang District","amei to Kangpokpi via Imphal road, 0.5 km from Tamei, Tamenglang District"
6963,2015-06-19 00:00:00,2015,6,170,India,IN,Mizoram,Mizoram,True,23.7131,92.7362,landslide,rain,medium,natural_slope,0.0,0.0,"Muanna locality, Mizoram","Muanna locality, Mizoram"
6947,2015-06-21 00:00:00,2015,6,172,India,IN,Uttarakhand,Uttarakhand,False,30.0261,78.6278,landslide,rain,small,above_road,0.0,0.0,Satpuli-Kanskhet Road in Pauri Garhwal district,Satpuli-Kanskhet Road in Pauri Garhwal district
6973,2015-06-21 00:00:00,2015,6,172,India,IN,Maharashtra,Maharashtra,False,18.7833,73.4703,landslide,continuous_rain,small,natural_slope,0.0,0.0,"Ekvira Devi temple, Karla near Khandala","Ekvira Devi temple, Karla near Khandala"
6948,2015-06-22 00:00:00,2015,6,173,India,IN,Maharashtra,Maharashtra,False,18.7686,73.3678,rock_fall,monsoon,small,above_road,0.0,0.0,Mumbai-Pune Expressway near Khandala Tunnel,Mumbai-Pune Expressway near Khandala Tunnel
6949,2015-06-22 03:30:00,2015,6,173,India,IN,Maharashtra,Maharashtra,False,17.5861,73.1742,landslide,downpour,medium,unknown,12.0,0.0,Dabhol village of Maharashtra's Ratnagiri district,Dabhol village of Maharashtra's Ratnagiri district
6950,2015-06-22 06:15:00,2015,6,173,India,IN,Maharashtra,Maharashtra,False,19.029,73.311,landslide,continuous_rain,medium,unknown,5.0,0.0,Village Mohechiwadi under Karjat taluka of Raigad district,Village Mohechiwadi under Karjat taluka of Raigad district
6990,2015-06-24 00:00:00,2015,6,175,India,IN,Nagaland,Nagaland,True,26.0319,94.5466,landslide,continuous_rain,medium,above_road,0.0,0.0,"New Land (""""New Colony"""")","New Land (""""New Colony"""")"
7012,2015-06-25 00:00:00,2015,6,176,India,IN,Uttarakhand,Uttarakhand,False,30.6838,79.0479,landslide,downpour,medium,above_road,0.0,0.0,5 km from Kedarnath Temple,5 km from Kedarnath Temple
7027,2015-06-25 00:00:00,2015,6,176,India,IN,Kashmir,Jammu and Kashmir,False,34.6056,76.0539,landslide,downpour,medium,unknown,0.0,0.0,Srinigar-Ladakh highway,Srinigar-Ladakh highway
7011,2015-06-25 09:00:00,2015,6,176,India,IN,Kashmir,Jammu and Kashmir,False,34.141,74.6568,mudslide,downpour,medium,above_road,0.0,0.0,"NH-1A, 7km from Srinigar","NH-1A, 7km from Srinigar"
7021,2015-06-27 23:00:00,2015,6,178,India,IN,West Bengal,West Bengal,False,27.0076,88.251,landslide,downpour,medium,unknown,1.0,0.0,"Old Monastery Road, Ghum","Old Monastery Road, Ghum"
7033,2015-06-29 00:00:00,2015,6,180,India,IN,West Bengal,West Bengal,False,27.0161,88.2478,landslide,downpour,medium,above_road,0.0,0.0,NH-55 at Merry Villa,NH-55 at Merry Villa
7034,2015-06-30 00:00:00,2015,6,181,India,IN,West Bengal,West Bengal,False,27.0875,88.6556,landslide,downpour,medium,unknown,1.0,0.0,"Lava, Kalimpong","Lava, Kalimpong"
7035,2015-06-30 00:00:00,2015,6,181,India,IN,West Bengal,West Bengal,False,25.4243,88.2746,landslide,downpour,medium,unknown,3.0,0.0,Mahindra,Mahindra
7363,2015-06-30 23:00:00,2015,6,181,India,IN,West Bengal,West Bengal,False,26.8843,88.1835,landslide,downpour,medium,unknown,19.0,0.0,"Limbu Dhura, Tingling","Limbu Dhura, Tingling"
7038,2015-07-01 00:00:00,2015,7,182,India,IN,West Bengal,West Bengal,False,26.8781,88.2807,landslide,downpour,medium,above_road,0.0,0.0,"Khahare Khola, Kurseong","Khahare Khola, Kurseong"
7037,2015-07-01 00:00:00,2015,7,182,India,IN,West Bengal,West Bengal,False,26.8811,88.2779,landslide,downpour,medium,unknown,0.0,0.0,Kurseong,Kurseong
7040,2015-07-01 00:00:00,2015,7,182,India,IN,West Bengal,West Bengal,False,26.9978,88.167,landslide,downpour,medium,unknown,1.0,0.0,Sukhiapokhari,Sukhiapokhari
7036,2015-07-01 00:00:00,2015,7,182,India,IN,West Bengal,West Bengal,False,26.8352,88.1881,landslide,downpour,large,unknown,42.0,0.0,"Mahendra village, Thana Line, Tingling Garden village in Mirik","Mahendra village, Thana Line, Tingling Garden village in Mirik"
7039,2015-07-01 00:00:00,2015,7,182,India,IN,West Bengal,West Bengal,False,27.0678,88.456,landslide,downpour,medium,unknown,0.0,0.0,8 mile in Kalimpong,8 mile in Kalimpong
7076,2015-07-04 18:00:00,2015,7,185,India,IN,West Bengal,West Bengal,False,26.9282,88.4553,landslide,unknown,small,natural_slope,0.0,0.0,near Kalijhora,near Kalijhora
7084,2015-07-06 00:00:00,2015,7,187,India,IN,Uttarakhand,Uttarakhand,False,29.393,79.4525,landslide,downpour,medium,above_road,0.0,0.0,"Mall Rd, Nainital","Mall Rd, Nainital"
7138,2015-07-07 00:00:00,2015,7,188,India,IN,Sikkim,Sikkim,True,27.0816,88.4397,landslide,continuous_rain,small,above_road,0.0,0.0,"NH-10, Sepi Jhora, Kalimpong","NH-10, Sepi Jhora, Kalimpong"
7139,2015-07-07 23:00:00,2015,7,188,India,IN,West Bengal,West Bengal,False,26.8826,88.2806,landslide,continuous_rain,medium,unknown,1.0,0.0,Kurseong,Kurseong
7141,2015-07-08 00:00:00,2015,7,189,India,IN,Karnataka,Karnataka,False,12.9455,75.7797,landslide,rain,small,above_road,0.0,0.0,"Yedakumeri, Bengaluru-Mangaluru train","Yedakumeri, Bengaluru-Mangaluru train"
7156,2015-07-09 00:00:00,2015,7,190,India,IN,Tamil Nadu,Tamil Nadu,False,10.3448,77.5666,landslide,unknown,medium,below_road,0.0,0.0,Kodaikanal-Palani Ghat Road,Kodaikanal-Palani Ghat Road
7159,2015-07-10 00:00:00,2015,7,191,India,IN,Uttarakhand,Uttarakhand,False,29.3908,79.4552,landslide,continuous_rain,medium,unknown,0.0,0.0,"Baliyanala, Nainithal","Baliyanala, Nainithal"
7157,2015-07-10 00:00:00,2015,7,191,India,IN,Kashmir,Jammu and Kashmir,False,34.0404,75.3156,landslide,continuous_rain,medium,unknown,2.0,0.0,Pahalgam,Pahalgam
7161,2015-07-11 00:00:00,2015,7,192,India,IN,Uttarakhand,Uttarakhand,False,30.241,78.9,landslide,continuous_rain,medium,unknown,0.0,0.0,Sirobagad area of Rudraprayag,Sirobagad area of Rudraprayag
7160,2015-07-11 00:00:00,2015,7,192,India,IN,Uttarakhand,Uttarakhand,False,30.3799,78.4862,landslide,continuous_rain,medium,above_road,0.0,0.0,Badrinath Highway near Mulygoan in Tihri,Badrinath Highway near Mulygoan in Tihri
7158,2015-07-11 00:00:00,2015,7,192,India,IN,Kashmir,Jammu and Kashmir,False,32.9262,75.1447,landslide,continuous_rain,medium,above_road,0.0,0.0,"Srinigar-Jammu Highway, Gangroo, Udhampur","Srinigar-Jammu Highway, Gangroo, Udhampur"
7196,2015-07-12 00:00:00,2015,7,193,India,IN,Kashmir,Jammu and Kashmir,False,33.2049,75.2845,landslide,continuous_rain,medium,above_road,0.0,0.0,Between Batote and Ramban,Between Batote and Ramban
7195,2015-07-12 00:00:00,2015,7,193,India,IN,Kashmir,Jammu and Kashmir,False,33.2504,75.2102,landslide,continuous_rain,small,above_road,1.0,0.0,Seri in Ramban along Jammu-Srinagar National Highway,Seri in Ramban along Jammu-Srinagar National Highway
7249,2015-07-13 00:00:00,2015,7,194,India,IN,Himachal Pradesh,Himachal Pradesh,False,31.0851,77.1665,mudslide,continuous_rain,small,natural_slope,0.0,0.0,"Phase-III, Sector 5, New Shimla","Phase-III, Sector 5, New Shimla"
7215,2015-07-13 23:00:00,2015,7,194,India,IN,Himachal Pradesh,Himachal Pradesh,False,32.2473,78.037,landslide,continuous_rain,small,above_road,1.0,0.0,"Spiti Valley, Himachal Pradesh","Spiti Valley, Himachal Pradesh"
7198,2015-07-14 00:00:00,2015,7,195,India,IN,Karnataka,Karnataka,False,12.8747,74.9566,landslide,continuous_rain,small,other,3.0,0.0,Farangipete,Farangipete
7214,2015-07-15 08:00:00,2015,7,196,India,IN,Arunachal Pradesh,Arunachal Pradesh,True,27.36,93.0385,landslide,monsoon,medium,urban,3.0,0.0,Type-IV Colony of Seppa in East Kameng,Type-IV Colony of Seppa in East Kameng
7226,2015-07-18 00:00:00,2015,7,199,India,IN,Himachal Pradesh,Himachal Pradesh,False,32.2239,76.3226,landslide,monsoon,medium,above_road,0.0,0.0,Jheol village in Dharamsala subdivision,Jheol village in Dharamsala subdivision
7248,2015-07-18 17:30:00,2015,7,199,India,IN,Jharkhand,Jharkhand,False,24.0406,84.0696,mudslide,continuous_rain,medium,natural_slope,0.0,0.0,Kharganjuwa hill near Barki Lami pahar 30km from Daltonganj,Kharganjuwa hill near Barki Lami pahar 30km from Daltonganj
7224,2015-07-19 00:00:00,2015,7,200,India,IN,Uttarakhand,Uttarakhand,False,30.73,78.4378,landslide,continuous_rain,medium,above_road,0.0,0.0,"Varunavat Mountain, Uttarkashi","Varunavat Mountain, Uttarkashi"
7238,2015-07-19 00:00:00,2015,7,200,India,IN,Karnataka,Karnataka,False,14.8937,74.5828,landslide,continuous_rain,small,unknown,0.0,0.0,Talakebail in Vajralli gram panchayat in Yellapur,Talakebail in Vajralli gram panchayat in Yellapur
7227,2015-07-19 15:00:00,2015,7,200,India,IN,Uttarakhand,Uttarakhand,False,30.0705,80.2364,rock_fall,monsoon,small,natural_slope,1.0,0.0,Sandrathi village of Munsiyari block of Pithoragarh district,Sandrathi village of Munsiyari block of Pithoragarh district
7221,2015-07-19 15:00:00,2015,7,200,India,IN,Maharashtra,Maharashtra,False,18.7632,73.347,landslide,continuous_rain,small,above_road,3.0,4.0,"Adoshi Tunnel, Mumbai-Pune Expressway","Adoshi Tunnel, Mumbai-Pune Expressway"
7261,2015-07-21 00:00:00,2015,7,202,India,IN,Kashmir,Jammu and Kashmir,False,33.616,77.7652,landslide,continuous_rain,small,above_road,0.0,0.0,Rumtse along the Manali-Leh highwa,Rumtse along the Manali-Leh highwa
7262,2015-07-21 00:00:00,2015,7,202,India,IN,Kashmir,Jammu and Kashmir,False,33.7403,77.7559,landslide,continuous_rain,small,above_road,0.0,0.0,"Miru, Manali-Leh highway","Miru, Manali-Leh highway"
7251,2015-07-21 00:00:00,2015,7,202,India,IN,Kashmir,Jammu and Kashmir,False,34.2689,75.1495,landslide,continuous_rain,medium,above_road,0.0,0.0,Kullan,Kullan
7266,2015-07-22 00:00:00,2015,7,203,India,IN,Manipur,Manipur,True,25.5098,93.8794,landslide,continuous_rain,medium,above_road,0.0,0.0,Yangkhullen-Tamphung road till Nagaland border,Yangkhullen-Tamphung road till Nagaland border
7253,2015-07-22 00:00:00,2015,7,203,India,IN,Assam,Assam,True,24.7979,92.9974,landslide,continuous_rain,medium,urban,5.0,0.0,Lakhipur,Lakhipur
7265,2015-07-22 00:00:00,2015,7,203,India,IN,Manipur,Manipur,True,25.5007,93.9854,landslide,continuous_rain,medium,above_road,0.0,0.0,Willong-Yangkhullen stretch,Willong-Yangkhullen stretch
7264,2015-07-22 00:00:00,2015,7,203,India,IN,Manipur,Manipur,True,25.4538,93.9827,landslide,continuous_rain,medium,above_road,0.0,0.0,22 kms to 30 kms between Sangkungmai and Willong,22 kms to 30 kms between Sangkungmai and Willong
7263,2015-07-22 00:00:00,2015,7,203,India,IN,Manipur,Manipur,True,25.4477,94.0489,landslide,continuous_rain,medium,above_road,0.0,0.0,"15 kms from Maram, National Highway-102/A (Maram Peren road)","15 kms from Maram, National Highway-102/A (Maram Peren road)"
7267,2015-07-22 00:00:00,2015,7,203,India,IN,Manipur,Manipur,True,25.3908,94.0926,landslide,continuous_rain,small,above_road,0.0,0.0,NH-2 between Senapati and Mao,NH-2 between Senapati and Mao
7294,2015-07-24 00:00:00,2015,7,205,India,IN,Uttarakhand,Uttarakhand,False,30.4528,78.1045,landslide,continuous_rain,small,above_road,0.0,0.0,Kempty Road near Kempty Falls,Kempty Road near Kempty Falls
7279,2015-07-24 00:00:00,2015,7,205,India,IN,Manipur,Manipur,True,24.9818,93.5142,mudslide,monsoon,medium,other,0.0,0.0,Tamenglong Ward No-IV,Tamenglong Ward No-IV
7296,2015-07-24 00:00:00,2015,7,205,India,IN,Uttarakhand,Uttarakhand,False,30.416,78.3415,landslide,continuous_rain,medium,above_road,0.0,0.0,Kempty Road near Kandikhal,Kempty Road near Kandikhal
7295,2015-07-24 00:00:00,2015,7,205,India,IN,Uttarakhand,Uttarakhand,False,30.4517,78.1443,landslide,continuous_rain,small,above_road,0.0,0.0,Kempty Road near Sia village,Kempty Road near Sia village
7270,2015-07-24 00:00:00,2015,7,205,India,IN,Uttarakhand,Uttarakhand,False,29.5863,80.2186,landslide,continuous_rain,small,unknown,0.0,0.0,Pithoragarh,Pithoragarh
7275,2015-07-24 00:00:00,2015,7,205,India,IN,Kashmir,Jammu and Kashmir,False,34.258,75.4189,landslide,continuous_rain,medium,unknown,0.0,0.0,Baltal,Baltal
7274,2015-07-25 00:00:00,2015,7,206,India,IN,Goa,Goa,False,15.3904,73.8182,landslide,downpour,small,unknown,0.0,0.0,Vasco,Vasco
7276,2015-07-25 09:00:00,2015,7,206,India,IN,Assam,Assam,True,26.1062,91.8717,landslide,continuous_rain,medium,natural_slope,2.0,0.0,"Dispur : According to report, a huge hillock slipped into the house after heavy rain where Dinesh Bodo along with his wife and daughter lived in. Thi*",
7289,2015-07-26 00:00:00,2015,7,207,India,IN,Himachal Pradesh,Himachal Pradesh,False,31.7085,76.9297,landslide,continuous_rain,small,above_road,0.0,0.0,Mandi,Mandi
7285,2015-07-26 00:00:00,2015,7,207,India,IN,Himachal Pradesh,Himachal Pradesh,False,31.1263,77.3525,landslide,continuous_rain,medium,unknown,3.0,2.0,"Klibi Patwar, Theog","Klibi Patwar, Theog"
7273,2015-07-26 00:00:00,2015,7,207,India,IN,Uttarakhand,Uttarakhand,False,30.2411,78.9014,landslide,continuous_rain,medium,above_road,0.0,0.0,"Sirobagad, Rishikesh-Badrinath highway","Sirobagad, Rishikesh-Badrinath highway"
7287,2015-07-26 00:00:00,2015,7,207,India,IN,Himachal Pradesh,Himachal Pradesh,False,32.5606,76.1206,landslide,continuous_rain,small,above_road,0.0,0.0,Chamba,Chamba
7286,2015-07-26 00:00:00,2015,7,207,India,IN,Himachal Pradesh,Himachal Pradesh,False,31.1003,77.1751,landslide,continuous_rain,small,above_road,0.0,0.0,Shimla,Shimla
7288,2015-07-26 00:00:00,2015,7,207,India,IN,Himachal Pradesh,Himachal Pradesh,False,31.9563,77.1135,landslide,continuous_rain,small,above_road,0.0,0.0,Kullu,Kullu
7284,2015-07-27 00:00:00,2015,7,208,India,IN,Kashmir,Jammu and Kashmir,False,33.2706,75.7702,landslide,downpour,small,above_road,0.0,0.0,"Batote-Kishtwar highway, Kishtwar stretch","Batote-Kishtwar highway, Kishtwar stretch"
7292,2015-07-27 09:30:00,2015,7,208,India,IN,Kerala,Kerala,False,11.8348,75.4856,mudslide,mining,small,urban,2.0,0.0,"near a hill at Puthuvacherry, in Peralassery in Kannur","near a hill at Puthuvacherry, in Peralassery in Kannur"
7297,2015-07-28 00:00:00,2015,7,209,India,IN,Uttarakhand,Uttarakhand,False,30.7204,79.0758,landslide,continuous_rain,small,above_road,0.0,0.0,Kedarnath Yatra,Kedarnath Yatra
7302,2015-07-28 00:00:00,2015,7,209,India,IN,Rajasthan,Rajasthan,False,24.5938,72.7308,landslide,continuous_rain,small,unknown,0.0,0.0,Mount Abu,Mount Abu
7364,2015-07-31 09:00:00,2015,7,212,India,IN,Manipur,Manipur,True,24.819,94.3551,landslide,continuous_rain,medium,below_road,0.0,0.0,Phungyar road,Phungyar road
7366,2015-07-31 18:00:00,2015,7,212,India,IN,Himachal Pradesh,Himachal Pradesh,False,32.2241,76.3374,debris_flow,continuous_rain,medium,deforested_slope,0.0,0.0,Chohla village of Kajlot panchayat,Chohla village of Kajlot panchayat
7372,2015-07-31 23:00:00,2015,7,212,India,IN,Manipur,Manipur,True,25.0634,94.3415,mudslide,continuous_rain,medium,above_road,0.0,0.0,Naga Gate along the Ukhrul-Imphal route,Naga Gate along the Ukhrul-Imphal route
7383,2015-08-01 00:00:00,2015,8,213,India,IN,Manipur,Manipur,True,23.899,94.1434,landslide,rain,medium,unknown,0.0,0.0,"Tuitung village, Khengjoi","Tuitung village, Khengjoi"
7375,2015-08-01 00:00:00,2015,8,213,India,IN,Manipur,Manipur,True,25.1941,94.4481,landslide,continuous_rain,medium,above_road,0.0,0.0,Ukhrul NH 201-Jessami road,Ukhrul NH 201-Jessami road
7384,2015-08-01 00:00:00,2015,8,213,India,IN,Manipur,Manipur,True,23.9278,94.0906,landslide,rain,medium,unknown,0.0,0.0,"Wayang, Khengjoi","Wayang, Khengjoi"
7910,2015-08-01 00:00:00,2015,8,213,India,IN,Manipur,Manipur,True,24.3481,94.1146,landslide,unknown,medium,above_road,0.0,0.0,Chandel,Chandel
7389,2015-08-01 00:00:00,2015,8,213,India,IN,Manipur,Manipur,True,24.4072,94.0644,landslide,continuous_rain,medium,above_road,0.0,0.0,between Bongyang and Lokchao along the Imphal-Moreh highway,between Bongyang and Lokchao along the Imphal-Moreh highway
7371,2015-08-01 00:00:00,2015,8,213,India,IN,Manipur,Manipur,True,23.9939,94.0573,landslide,continuous_rain,medium,unknown,0.0,0.0,near S Lamphei Lamkhai and Sehlon village,near S Lamphei Lamkhai and Sehlon village
7388,2015-08-01 00:00:00,2015,8,213,India,IN,Manipur,Manipur,True,24.416,94.0984,landslide,continuous_rain,medium,unknown,0.0,0.0,Senam,Senam
7373,2015-08-01 00:00:00,2015,8,213,India,IN,Manipur,Manipur,True,24.9111,94.4759,landslide,continuous_rain,medium,above_road,,,between Maku village and Kamjong sub division,between Maku village and Kamjong sub division
7370,2015-08-01 00:00:00,2015,8,213,India,IN,Manipur,Manipur,True,24.1419,94.1078,landslide,continuous_rain,medium,above_road,0.0,0.0,between Moltuk to New Songjang village,between Moltuk to New Songjang village
7374,2015-08-01 00:00:00,2015,8,213,India,IN,Manipur,Manipur,True,25.1122,94.3591,landslide,continuous_rain,medium,below_road,0.0,0.0,Ukhrul town Circular road from Rayotang to Viewland Zone II,Ukhrul town Circular road from Rayotang to Viewland Zone II
7390,2015-08-01 00:00:00,2015,8,213,India,IN,Manipur,Manipur,True,24.4265,94.1913,landslide,continuous_rain,medium,above_road,0.0,0.0,between Tengnoupal-Sita junction and Tengnoupal Power Sub-Station,between Tengnoupal-Sita junction and Tengnoupal Power Sub-Station
7387,2015-08-01 00:00:00,2015,8,213,India,IN,Manipur,Manipur,True,24.954,94.2156,landslide,continuous_rain,small,below_road,0.0,0.0,Imphal-Ukhrul road,Imphal-Ukhrul road
7385,2015-08-01 00:00:00,2015,8,213,India,IN,Manipur,Manipur,True,24.004,93.9815,landslide,continuous_rain,medium,unknown,0.0,0.0,"Holenjang, Chandel district","Holenjang, Chandel district"
7391,2015-08-01 00:00:00,2015,8,213,India,IN,Uttarakhand,Uttarakhand,False,31.0358,78.8578,rock_fall,continuous_rain,medium,above_road,0.0,1.0,Gangotri highway,Gangotri highway
7369,2015-08-01 00:00:00,2015,8,213,India,IN,Manipur,Manipur,True,24.1988,94.1016,landslide,continuous_rain,medium,above_road,0.0,0.0,between Chalong and Paraolon,between Chalong and Paraolon
7305,2015-08-01 15:15:00,2015,8,213,India,IN,Maharashtra,Maharashtra,False,18.7687,73.3679,rock_fall,continuous_rain,medium,above_road,0.0,0.0,Khandala tunnel,Khandala tunnel
7409,2015-08-02 00:00:00,2015,8,214,India,IN,Nagaland,Nagaland,True,25.72,94.6219,landslide,continuous_rain,medium,unknown,0.0,0.0,Meluri Sub-Division in Phek District of Nagaland,Meluri Sub-Division in Phek District of Nagaland
7594,2015-08-05 12:10:00,2015,8,217,India,IN,Goa,Goa,False,15.3956,74.0113,landslide,mining,medium,mine,0.0,0.0,"Shantinagar, Ponda","Shantinagar, Ponda"
7598,2015-08-06 00:00:00,2015,8,218,India,IN,Kashmir,Jammu and Kashmir,False,33.1078,74.7756,landslide,unknown,medium,unknown,0.0,4.0,the cave shrine located in Trikuta Hills of Reasi district,the cave shrine located in Trikuta Hills of Reasi district
7616,2015-08-06 00:00:00,2015,8,218,India,IN,Andaman and Nicobar Islands,Andaman And Nicobar Islands,False,11.6753,92.749,other,downpour,medium,retaining_wall,0.0,0.0,Atlanta Point,Atlanta Point
7596,2015-08-07 03:30:00,2015,8,219,India,IN,Maharashtra,Maharashtra,False,18.7631,73.347,rock_fall,continuous_rain,small,above_road,0.0,0.0,Adoshi tunnel,Adoshi tunnel
7613,2015-08-08 00:00:00,2015,8,220,India,IN,Kashmir,Jammu and Kashmir,False,32.9961,75.1994,landslide,downpour,medium,above_road,0.0,0.0,Jammu-Srinagar National Highway at Kheri in Udhampur district,Jammu-Srinagar National Highway at Kheri in Udhampur district
7614,2015-08-08 00:00:00,2015,8,220,India,IN,Himachal Pradesh,Himachal Pradesh,False,31.8028,76.757,landslide,downpour,medium,deforested_slope,3.0,0.0,"Dharampur, Mandi district","Dharampur, Mandi district"
7628,2015-08-09 00:00:00,2015,8,221,India,IN,Himachal Pradesh,Himachal Pradesh,False,31.6916,76.5102,rock_fall,rain,small,above_road,0.0,0.0,NH 88,NH 88
7636,2015-08-09 13:00:00,2015,8,221,India,IN,Kashmir,Jammu and Kashmir,False,33.3852,74.2562,landslide,downpour,medium,above_road,0.0,0.0,Khwas tehsil of Rajouri district,Khwas tehsil of Rajouri district
7665,2015-08-11 00:00:00,2015,8,223,India,IN,Manipur,Manipur,True,24.7016,93.5291,landslide,continuous_rain,medium,unknown,0.0,0.0,Khoupum,Khoupum
7666,2015-08-11 00:00:00,2015,8,223,India,IN,Manipur,Manipur,True,25.1019,93.3729,landslide,continuous_rain,medium,unknown,0.0,0.0,Tousem,Tousem
7649,2015-08-11 00:00:00,2015,8,223,India,IN,Himachal Pradesh,Himachal Pradesh,False,31.3237,76.7622,landslide,downpour,medium,above_road,0.0,0.0,Gamraula near Bilaspur,Gamraula near Bilaspur
7664,2015-08-11 00:00:00,2015,8,223,India,IN,Manipur,Manipur,True,24.7459,93.4251,landslide,continuous_rain,medium,unknown,0.0,0.0,Nungba,Nungba
7678,2015-08-11 23:00:00,2015,8,223,India,IN,Himachal Pradesh,Himachal Pradesh,False,32.1967,76.3194,landslide,rain,medium,above_road,0.0,0.0,Himachal Pradesh School Education Board,Himachal Pradesh School Education Board
7660,2015-08-12 00:00:00,2015,8,224,India,IN,Nagaland,Nagaland,True,25.6237,94.1136,mudslide,continuous_rain,medium,below_road,0.0,0.0,Phesama village,Phesama village
7676,2015-08-12 09:00:00,2015,8,224,India,IN,Himachal Pradesh,Himachal Pradesh,False,32.1764,76.3075,landslide,monsoon,medium,above_road,0.0,0.0,Dharamsala-Kangra state highway,Dharamsala-Kangra state highway
7685,2015-08-13 00:00:00,2015,8,225,India,IN,Himachal Pradesh,Himachal Pradesh,False,31.7756,76.9876,landslide,unknown,medium,above_road,0.0,0.0,IIT Campus in Mandi,IIT Campus in Mandi
7308,2015-08-15 00:00:00,2015,8,227,India,IN,Uttarakhand,Uttarakhand,False,30.9111,78.6814,landslide,continuous_rain,medium,above_road,0.0,0.0,Gagnani,Gagnani
7309,2015-08-15 00:00:00,2015,8,227,India,IN,Uttarakhand,Uttarakhand,False,30.7864,78.616,landslide,continuous_rain,medium,above_road,0.0,0.0,Malla,Malla
7310,2015-08-15 00:00:00,2015,8,227,India,IN,Uttarakhand,Uttarakhand,False,30.9085,78.3299,landslide,continuous_rain,medium,above_road,0.0,0.0,Yamnotri highway,Yamnotri highway
7311,2015-08-15 00:00:00,2015,8,227,India,IN,Uttarakhand,Uttarakhand,False,30.6494,79.5269,landslide,continuous_rain,medium,above_road,0.0,0.0,Lambagadh,Lambagadh
7312,2015-08-15 07:30:00,2015,8,227,India,IN,Maharashtra,Maharashtra,False,18.7631,73.3471,rock_fall,monsoon,small,above_road,0.0,3.0,Adoshi Tunnel,Adoshi Tunnel
7887,2015-08-16 00:00:00,2015,8,228,India,IN,Arunachal Pradesh,Arunachal Pradesh,True,27.8835,96.9262,landslide,continuous_rain,medium,above_road,0.0,0.0,Hawai,Hawai
7334,2015-08-18 00:00:00,2015,8,230,India,IN,Arunachal Pradesh,Arunachal Pradesh,True,28.1737,94.7596,landslide,unknown,medium,unknown,1.0,0.0,Arunachal Pradesh,Arunachal Pradesh
7335,2015-08-18 09:00:00,2015,8,230,India,IN,Meghalaya,Meghalaya,True,25.5145,90.2023,landslide,continuous_rain,medium,urban,0.0,0.0,Tura Civil Hospital,Tura Civil Hospital
7329,2015-08-18 15:00:00,2015,8,230,India,IN,Himachal Pradesh,Himachal Pradesh,False,32.0275,77.3446,rock_fall,rain,medium,unknown,8.0,10.0,the Sikh shrine in Manikaran,the Sikh shrine in Manikaran
7589,2015-08-19 00:00:00,2015,8,231,India,IN,Meghalaya,Meghalaya,True,25.2568,92.3825,landslide,rain,medium,above_road,0.0,0.0,National Highway 44,National Highway 44
7706,2015-08-19 00:00:00,2015,8,231,India,IN,Meghalaya,Meghalaya,True,25.0728,92.3636,landslide,rain,medium,above_road,0.0,0.0,National Highway at Kuliang,National Highway at Kuliang
7699,2015-08-19 00:00:00,2015,8,231,India,IN,Nagaland,Nagaland,True,26.0214,94.5224,landslide,continuous_rain,medium,unknown,0.0,0.0,Zunheboto district,Zunheboto district
7590,2015-08-19 00:00:00,2015,8,231,India,IN,Meghalaya,Meghalaya,True,25.1416,92.3807,landslide,rain,small,unknown,0.0,0.0,Tongseng,Tongseng
7336,2015-08-19 09:00:00,2015,8,231,India,IN,Meghalaya,Meghalaya,True,25.2193,90.5549,landslide,continuous_rain,medium,above_road,0.0,0.0,NH-62 at Sibbari,NH-62 at Sibbari
7701,2015-08-19 15:00:00,2015,8,231,India,IN,Nagaland,Nagaland,True,25.6278,94.1051,landslide,continuous_rain,medium,above_road,0.0,0.0,Phesama,Phesama
7704,2015-08-20 00:00:00,2015,8,232,India,IN,Kashmir,Jammu and Kashmir,False,32.6175,75.6157,landslide,unknown,medium,unknown,0.0,0.0,Morha-Chuhara village in Billawar tehsil,Morha-Chuhara village in Billawar tehsil
7727,2015-08-20 18:00:00,2015,8,232,India,IN,Nagaland,Nagaland,True,25.6263,94.1057,landslide,continuous_rain,medium,below_road,0.0,0.0,between Phesama and Kuima in Nagaland,between Phesama and Kuima in Nagaland
7746,2015-08-20 23:00:00,2015,8,232,India,IN,Kashmir,Jammu and Kashmir,False,32.6173,75.264,landslide,unknown,medium,unknown,0.0,0.0,Morha Kalana of panchyat Dhannuparole in Tehsil Ramkot,Morha Kalana of panchyat Dhannuparole in Tehsil Ramkot
7726,2015-08-22 04:30:00,2015,8,234,India,IN,Himachal Pradesh,Himachal Pradesh,False,31.0365,77.1213,landslide,downpour,medium,above_road,0.0,0.0,Shimla-Kalka National Highway near Shoghi,Shimla-Kalka National Highway near Shoghi
7728,2015-08-22 09:00:00,2015,8,234,India,IN,Assam,Assam,True,26.1028,91.8806,landslide,continuous_rain,medium,above_road,0.0,0.0,Natonal Highway in Jorabat area,Natonal Highway in Jorabat area
7778,2015-08-26 00:00:00,2015,8,238,India,IN,Mizoram,Mizoram,True,23.8447,93.0514,mudslide,continuous_rain,medium,above_road,0.0,0.0,Phullen’s main road,Phullen’s main road
7780,2015-08-26 00:00:00,2015,8,238,India,IN,Mizoram,Mizoram,True,23.3572,92.7878,landslide,continuous_rain,medium,above_road,1.0,0.0,Sailam village,Sailam village
7836,2015-08-27 00:00:00,2015,8,239,India,IN,Mizoram,Mizoram,True,24.042,92.6724,landslide,downpour,medium,above_road,0.0,0.0,"National Highway 54, at Kawnpui town","National Highway 54, at Kawnpui town"
7837,2015-08-27 00:00:00,2015,8,239,India,IN,Mizoram,Mizoram,True,23.7269,92.7265,landslide,downpour,medium,urban,0.0,0.0,three graveyards within Aizawl,three graveyards within Aizawl
7972,2015-08-28 01:45:00,2015,8,240,India,IN,Mizoram,Mizoram,True,23.4495,92.8112,landslide,downpour,large,unknown,0.0,0.0,"Mizoram, India","Mizoram, India"
7923,2015-09-01 00:00:00,2015,9,244,India,IN,Assam,Assam,True,26.49349035,91.72137514,landslide,rain,medium,unknown,2.0,0.0,Amingaon,Amingaon
7933,2015-09-01 00:00:00,2015,9,244,India,IN,Assam,Assam,True,26.1868,91.6739,rock_fall,rain,medium,unknown,2.0,0.0,Maligaon,Maligaon
7940,2015-09-03 00:00:00,2015,9,246,India,IN,Kashmir,Jammu and Kashmir,False,33.6794,74.2525,landslide,unknown,medium,above_road,1.0,1.0,Poonch,Poonch
7961,2015-09-05 00:00:00,2015,9,248,India,IN,Bihar,Bihar,False,25.4551,84.5322,landslide,unknown,medium,unknown,1.0,1.0,Bhojpur,Bhojpur
7956,2015-09-05 00:00:00,2015,9,248,India,IN,Meghalaya,Meghalaya,True,26.048,91.8695,landslide,unknown,medium,above_road,0.0,0.0,Byrnihat,Byrnihat
7950,2015-09-06 07:10:00,2015,9,249,India,IN,Tamil Nadu,Tamil Nadu,False,11.404,76.6952,rock_fall,unknown,medium,above_road,0.0,0.0,"Ooty, India","Ooty, India"
8012,2015-09-06 15:00:00,2015,9,249,India,IN,Meghalaya,Meghalaya,True,25.9703,91.8584,landslide,unknown,medium,above_road,0.0,0.0,"Umling, Meghalaya 793102, India","Umling, Meghalaya 793102, India"
7994,2015-09-07 00:00:00,2015,9,250,India,IN,Tamil Nadu,Tamil Nadu,False,11.81,78.2253,landslide,unknown,medium,unknown,2.0,0.0,"Manjakuttai, Tamil Nadu, India","Manjakuttai, Tamil Nadu, India"
8224,2015-09-14 01:30:00,2015,9,257,India,IN,Mizoram,Mizoram,True,23.7313,92.7187,landslide,downpour,medium,above_road,0.0,0.0,"Aizawl, Mizoram, India","Aizawl, Mizoram, India"
8223,2015-09-14 03:10:00,2015,9,257,India,IN,Mizoram,Mizoram,True,23.7348,92.7187,landslide,downpour,large,above_road,0.0,0.0,"Aizawl, Mizoram, India","Aizawl, Mizoram, India"
8227,2015-09-15 18:00:00,2015,9,258,India,IN,Odisha,Odisha,False,18.7734,82.8555,rock_fall,downpour,medium,above_road,0.0,0.0,railway tracks between Dumriput and Damanjodi,railway tracks between Dumriput and Damanjodi
8233,2015-09-16 00:00:00,2015,9,259,India,IN,Odisha,Odisha,False,19.316,83.2414,landslide,downpour,medium,above_road,0.0,0.0,"railway between Koraput and Rayagada in Odisha, India","railway between Koraput and Rayagada in Odisha, India"
8221,2015-09-16 00:00:00,2015,9,259,India,IN,Odisha,Odisha,False,18.7828,82.7935,landslide,downpour,medium,above_road,0.0,0.0,"Dumuriput, Odisha 764021, India","Dumuriput, Odisha 764021, India"
8287,2015-09-21 00:00:00,2015,9,264,India,IN,Maharashtra,Maharashtra,False,19.4662,72.8276,landslide,downpour,medium,unknown,1.0,0.0,Jivdani Temple,Jivdani Temple
8339,2015-09-23 00:00:00,2015,9,266,India,IN,Assam,Assam,True,26.1666,91.7042,landslide,continuous_rain,medium,above_road,0.0,0.0,Kamakhya Temple,Kamakhya Temple
8366,2015-09-23 15:00:00,2015,9,266,India,IN,Meghalaya,Meghalaya,True,25.583,91.893,landslide,downpour,medium,natural_slope,2.0,1.0,"Shillong, Meghalaya, India","Shillong, Meghalaya, India"
8571,2015-10-02 00:00:00,2015,10,275,India,IN,Andhra Pradesh,Andhra Pradesh,False,17.6874,83.1993,landslide,downpour,medium,natural_slope,2.0,0.0,"Simhagiri Colony, Azeemabad, Pedagantyada, Visakhapatnam, Andhra Pradesh, India","Simhagiri Colony, Azeemabad, Pedagantyada, Visakhapatnam, Andhra Pradesh, India"
8866,2015-10-25 00:00:00,2015,10,298,India,IN,Kashmir,Jammu and Kashmir,False,33.3041,75.1982,landslide,downpour,medium,above_road,0.0,0.0,Ramsoo area of Ramban district,Ramsoo area of Ramban district
8892,2015-10-31 00:00:00,2015,10,304,India,IN,Tamil Nadu,Tamil Nadu,False,11.374,77.8987,landslide,downpour,small,above_road,0.0,0.0,Arthanareeswarar Temple,Arthanareeswarar Temple
8893,2015-10-31 00:00:00,2015,10,304,India,IN,Tamil Nadu,Tamil Nadu,False,11.3742,77.899,landslide,downpour,small,above_road,0.0,0.0,Arthanareeswarar Temple,Arthanareeswarar Temple
8921,2015-11-07 00:00:00,2015,11,311,India,IN,Tamil Nadu,Tamil Nadu,False,11.3432,76.8285,rock_fall,unknown,small,above_road,0.0,0.0,Nilgiri Mountain Rail's Barliar-Coonoor sector,Nilgiri Mountain Rail's Barliar-Coonoor sector
8922,2015-11-07 00:00:00,2015,11,311,India,IN,Tamil Nadu,Tamil Nadu,False,11.3237,76.9101,rock_fall,unknown,small,above_road,0.0,0.0,Nilgiri Mountain Rail's Mettupalayam-Kallar sectors,Nilgiri Mountain Rail's Mettupalayam-Kallar sectors
8944,2015-11-14 00:00:00,2015,11,318,India,IN,Tamil Nadu,Tamil Nadu,False,12.9746,80.2119,landslide,rain,medium,urban,0.0,0.0,Padmavathy Nagar in West Velachery,Padmavathy Nagar in West Velachery
8988,2015-12-07 00:00:00,2015,12,341,India,IN,Tamil Nadu,Tamil Nadu,False,10.2288,77.4767,landslide,rain,medium,above_road,0.0,0.0,Upper Kodaikanal Road,Upper Kodaikanal Road
9037,2015-12-07 00:00:00,2015,12,341,India,IN,Himachal Pradesh,Himachal Pradesh,False,31.6817,77.1209,rock_fall,unknown,medium,above_road,0.0,0.0,Hanogi,Hanogi
9096,2015-12-19 00:00:00,2015,12,353,India,IN,Andhra Pradesh,Andhra Pradesh,False,17.7345,83.2884,landslide,downpour,medium,unknown,4.0,4.0,Thatichetlapalem,Thatichetlapalem
9092,2015-12-20 09:00:00,2015,12,354,India,IN,Tamil Nadu,Tamil Nadu,False,10.8319,78.7075,landslide,unknown,medium,unknown,4.0,0.0,sanjeevinagar area,sanjeevinagar area
9120,2015-12-24 10:00:00,2015,12,358,India,IN,NCT,Nct,False,28.5746,77.2791,landslide,construction,small,natural_slope,1.0,5.0,New Friends Colony,New Friends Colony
9144,2015-12-29 00:00:00,2015,12,363,India,IN,Himachal Pradesh,Himachal Pradesh,False,31.46626719,76.86927482,complex,construction,medium,above_road,0.0,0.0,Hill collapses during construction,National Highway-21 near Rani-Ki-Bain
9215,2016-01-14 05:15:00,2016,1,14,India,IN,West Bengal,West Bengal,False,27.1758,88.5294,rock_fall,unknown,medium,above_road,1.0,5.0,NH10 in Rangpo,NH10 in Rangpo
9351,2016-03-07 00:00:00,2016,3,67,India,IN,Madhya Pradesh,Madhya Pradesh,False,22.1337,78.8979,landslide,unknown,medium,natural_slope,3.0,0.0,Chhindwara,Chhindwara
9426,2016-03-26 00:00:00,2016,3,86,India,IN,Kashmir,Jammu and Kashmir,False,33.04965334,75.29048614,landslide,continuous_rain,medium,above_road,5.0,5.0,Jammu-Srinagar national highway,Jammu-Srinagar national highway
9380,2016-04-04 00:00:00,2016,4,95,India,IN,Kashmir,Jammu and Kashmir,False,34.4002,74.2798,landslide,continuous_rain,small,above_river,0.0,0.0,Hanjishat village in Handwara area of Kupwara district,Hanjishat village in Handwara area of Kupwara district
9409,2016-04-13 13:00:00,2016,4,104,India,IN,Tamil Nadu,Tamil Nadu,False,11.3464,76.8076,mudslide,construction,small,unknown,1.0,0.0,a construction site on Tiger Hill Road,a construction site on Tiger Hill Road
9405,2016-04-19 00:00:00,2016,4,110,India,IN,Nagaland,Nagaland,True,26.7223,95.0243,landslide,continuous_rain,medium,unknown,0.0,0.0,"Techahan Ward, Mon, Nagaland, India","Techahan Ward, Mon, Nagaland, India"
7655,2016-04-22 02:30:00,2016,4,113,India,IN,Arunachal Pradesh,Arunachal Pradesh,True,27.5799,91.8569,landslide,continuous_rain,medium,above_road,17.0,0.0,"Tawang, Arunachal Pradesh","Tawang, Arunachal Pradesh"
9404,2016-05-01 00:00:00,2016,5,122,India,IN,Arunachal Pradesh,Arunachal Pradesh,True,28.0822,96.5316,landslide,downpour,medium,above_road,0.0,0.0,"Hayuliang, Anjaw district,Arunachal Pradesh, India","Hayuliang, Anjaw district,Arunachal Pradesh, India"
9386,2016-05-09 12:10:00,2016,5,130,India,IN,Tamil Nadu,Tamil Nadu,False,10.3316,76.9592,landslide,construction,small,mine,1.0,3.0,".5 km away from Valparai Police Station at a construction site, Valparai, Tamil Nadu, India",".5 km away from Valparai Police Station at a construction site, Valparai, Tamil Nadu, India"
9336,2016-05-18 08:00:00,2016,5,139,India,IN,Assam,Assam,True,24.5308,92.5121,landslide,continuous_rain,small,unknown,1.0,0.0,"Ramchandi , Hailakandi District, Assam, India","Ramchandi , Hailakandi District, Assam, India"
9338,2016-05-18 08:00:00,2016,5,139,India,IN,Assam,Assam,True,24.4638,92.4943,landslide,continuous_rain,medium,natural_slope,5.0,0.0,"Sonachirra, Karimganj district, Assam, India","Sonachirra, Karimganj district, Assam, India"
9334,2016-05-18 08:00:00,2016,5,139,India,IN,Assam,Assam,True,24.5204,92.7264,landslide,continuous_rain,unknown,unknown,2.0,0.0,"Bilaipur, Hailakandi district, Assam, India","Bilaipur, Hailakandi district, Assam, India"
9335,2016-05-18 08:00:00,2016,5,139,India,IN,Assam,Assam,True,24.5202,92.7239,landslide,continuous_rain,unknown,unknown,2.0,0.0,"Bilaipur, Hailakandi district, Assam, India","Bilaipur, Hailakandi district, Assam, India"
9328,2016-05-20 01:10:00,2016,5,141,India,IN,Tamil Nadu,Tamil Nadu,False,8.2117,77.312,landslide,unknown,small,above_road,0.0,0.0,"Eraniel station,  Kanyakumari district, India","Eraniel station,  Kanyakumari district, India"
9314,2016-05-22 15:00:00,2016,5,143,India,IN,Uttarakhand,Uttarakhand,False,30.306,78.0648,rock_fall,rain,small,mine,10.0,6.0,"Chetra Village, Dehradun, India","Chetra Village, Dehradun, India"
9318,2016-05-23 01:00:00,2016,5,144,India,IN,Uttarakhand,Uttarakhand,False,30.7007,77.8644,rock_fall,rain,small,unknown,10.0,5.0,"Chakrata, Uttarakhand, India","Chakrata, Uttarakhand, India"
7736,2016-06-02 02:00:00,2016,6,154,India,IN,Andhra Pradesh,Andhra Pradesh,False,16.5145,80.6526,rock_fall,downpour,small,natural_slope,1.0,1.0,Gunadala hill of Vijayawada,Gunadala hill of Vijayawada
8682,2016-06-05 23:00:00,2016,6,157,India,IN,Bihar,Bihar,False,24.6997,85.6285,rock_fall,downpour,medium,natural_slope,0.0,0.0,"Kakolat Falls, Rajauli Sub-division, India","Kakolat Falls, Rajauli Sub-division, India"
9199,2016-06-08 22:00:00,2016,6,160,India,IN,Kashmir,Jammu and Kashmir,False,34.2952,75.3226,landslide,downpour,medium,above_road,0.0,0.0,"Srinagar-Leh highway in Shutkady near Sonamarg, Ganderbal district, Jammu and Kashmir, India","Srinagar-Leh highway in Shutkady near Sonamarg, Ganderbal district, Jammu and Kashmir, India"
9169,2016-06-12 00:00:00,2016,6,164,India,IN,Nagaland,Nagaland,True,26.1677,94.2442,landslide,continuous_rain,unknown,above_road,0.0,0.0,"on road between Mon and Tobu near Telangsao Hydro project , Nagaland, India","on road between Mon and Tobu near Telangsao Hydro project , Nagaland, India"
9168,2016-06-12 23:00:00,2016,6,164,India,IN,Arunachal Pradesh,Arunachal Pradesh,True,27.6438,93.871,landslide,downpour,medium,above_road,0.0,0.0,"NH 13 10 kilometers from Old Ziro, Arunachal Pradesh, India","NH 13 10 kilometers from Old Ziro, Arunachal Pradesh, India"
9142,2016-06-14 08:00:00,2016,6,166,India,IN,Nagaland,Nagaland,True,26.3185,94.5247,landslide,continuous_rain,medium,retaining_wall,0.0,0.0,"lower Majakong Ward, Mokokchung, Nagaland, India","lower Majakong Ward, Mokokchung, Nagaland, India"
9141,2016-06-15 09:00:00,2016,6,167,India,IN,Kerala,Kerala,False,9.7967,77.0611,rock_fall,downpour,medium,unknown,2.0,1.0,"Vazhavara, Idukki, Kerala, India","Vazhavara, Idukki, Kerala, India"
8860,2016-06-17 00:00:00,2016,6,169,India,IN,Himachal Pradesh,Himachal Pradesh,False,31.5124,78.1181,rock_fall,monsoon,large,above_river,0.0,0.0,"Urni, Satluj river, Kinnaur district, Himachal Pradesh, India","Urni, Satluj river, Kinnaur district, Himachal Pradesh, India"
8962,2016-06-18 00:00:00,2016,6,170,India,IN,Goa,Goa,False,15.0275,74.1623,mudslide,downpour,medium,above_road,0.0,0.0,"main road between Gulem and Loliem and Cotigao, at Baddem, Goa, India","main road between Gulem and Loliem and Cotigao, at Baddem, Goa, India"
8744,2016-06-21 00:00:00,2016,6,173,India,IN,Kashmir,Jammu and Kashmir,False,32.99,75.1892,landslide,downpour,medium,above_road,0.0,0.0,"Jammu-Srinagar national highway at Samroli, India","Jammu-Srinagar national highway at Samroli, India"
8745,2016-06-21 09:00:00,2016,6,173,India,IN,Maharashtra,Maharashtra,False,19.19,73.009,landslide,downpour,small,above_road,0.0,0.0,"Parsik Tunnel between Thane and Kalyan railway stations, India","Parsik Tunnel between Thane and Kalyan railway stations, India"
8222,2016-06-22 12:00:00,2016,6,174,India,IN,Assam,Assam,True,26.1961,91.7825,mudslide,downpour,medium,natural_slope,1.0,0.0,"Piyali Phukan Nagar, Guwahati, India","Piyali Phukan Nagar, Guwahati, India"
8163,2016-06-23 09:00:00,2016,6,175,India,IN,Goa,Goa,False,15.3739,73.8911,rock_fall,downpour,medium,natural_slope,0.0,0.0,"Vollant, Vasco, behind the KTC bus stand, Goa, India","Vollant, Vasco, behind the KTC bus stand, Goa, India"
8086,2016-06-24 23:00:00,2016,6,176,India,IN,Karnataka,Karnataka,False,12.8157,74.8586,landslide,downpour,medium,unknown,0.0,0.0,"Maya Bar, Thokkottu, India","Maya Bar, Thokkottu, India"
7920,2016-06-26 00:00:00,2016,6,178,India,IN,Odisha,Odisha,False,19.3805,84.5699,landslide,downpour,medium,natural_slope,0.0,0.0,"Goddess Nijabankeswari Temple, Digapahandi, Ganjam district, Odisha, India","Goddess Nijabankeswari Temple, Digapahandi, Ganjam district, Odisha, India"
7913,2016-06-26 00:00:00,2016,6,178,India,IN,Maharashtra,Maharashtra,False,18.241,73.4469,rock_fall,rain,small,above_road,1.0,0.0,"Raigad Fort, Raigad Fort Natural Reserve, Maharashtra, India","Raigad Fort, Raigad Fort Natural Reserve, Maharashtra, India"
7932,2016-06-28 00:00:00,2016,6,180,India,IN,Goa,Goa,False,15.3455,73.8976,landslide,downpour,small,mine,0.0,0.0,"PHC Cansaulim, Goa, India","PHC Cansaulim, Goa, India"
8032,2016-06-29 00:00:00,2016,6,181,India,IN,Uttarakhand,Uttarakhand,False,30.3299,79.3206,landslide,downpour,medium,above_road,0.0,0.0,"Nandprayag, Uttarakhand, India","Nandprayag, Uttarakhand, India"
8367,2016-06-30 22:00:00,2016,6,182,India,IN,Uttarakhand,Uttarakhand,False,29.8002,80.2565,mudslide,monsoon,large,unknown,0.0,0.0,"Didihat, Uttarakhand, India","Didihat, Uttarakhand, India"
8237,2016-07-01 00:00:00,2016,7,183,India,IN,Arunachal Pradesh,Arunachal Pradesh,True,27.0136,92.6351,landslide,downpour,large,unknown,5.0,3.0,"Old Inspection Bungalow, Bhalukpong town, West Kameng, Arunachal Pradesh, India","Old Inspection Bungalow, Bhalukpong town, West Kameng, Arunachal Pradesh, India"
8472,2016-07-02 08:00:00,2016,7,184,India,IN,Kashmir,Jammu and Kashmir,False,33.6296,74.5264,landslide,unknown,medium,above_road,0.0,0.0,"43 km-point on Mughal Road, Poonch district, Jammu and Kashmir, India","43 km-point on Mughal Road, Poonch district, Jammu and Kashmir, India"
8482,2016-07-02 09:00:00,2016,7,184,India,IN,Himachal Pradesh,Himachal Pradesh,False,30.89221723,77.09003076,rock_fall,downpour,medium,above_road,1.0,4.0,"Highway 22, near Borag Bypass, near Solan, Himachal Pradesh, India","Highway 22, near Borag Bypass, near Solan, Himachal Pradesh, India"
8680,2016-07-03 22:00:00,2016,7,185,India,IN,Maharashtra,Maharashtra,False,19.336,73.7793,rock_fall,monsoon,medium,above_road,0.0,0.0,"Malshej ghat, Maharashtra, India","Malshej ghat, Maharashtra, India"
8654,2016-07-04 08:00:00,2016,7,186,India,IN,Karnataka,Karnataka,False,12.8041,74.8678,landslide,unknown,small,urban,0.0,0.0,"Kallarakodi, Ullal, India","Kallarakodi, Ullal, India"
8864,2016-07-07 00:00:00,2016,7,189,India,IN,Tamil Nadu,Tamil Nadu,False,10.0545,78.0298,rock_fall,mining,small,mine,3.0,1.0,"Blue Metal Quarry, Kondayanpatti, Madurai District, India","Blue Metal Quarry, Kondayanpatti, Madurai District, India"
8684,2016-07-07 00:00:00,2016,7,189,India,IN,Assam,Assam,True,25.9611,91.3681,landslide,continuous_rain,medium,retaining_wall,2.0,2.0,"Kamrup district, Assam, India","Kamrup district, Assam, India"
8900,2016-07-07 00:00:00,2016,7,189,India,IN,Manipur,Manipur,True,25.0118,94.3136,landslide,monsoon,large,above_road,0.0,0.0,"Imphal-Ukhrul sector of National Highway 102, Manipur, India","Imphal-Ukhrul sector of National Highway 102, Manipur, India"
8901,2016-07-10 00:00:00,2016,7,192,India,IN,Nagaland,Nagaland,True,25.7902,94.1318,landslide,downpour,medium,above_road,0.0,0.0,"National Highway 2, near Kohima, Nagaland, India","National Highway 2, near Kohima, Nagaland, India"
8916,2016-07-10 08:30:00,2016,7,192,India,IN,Maharashtra,Maharashtra,False,19.34,73.7746,landslide,unknown,medium,above_road,1.0,0.0,"Ahmednagar-Thane Road , Malshej Ghat, Maharashtra, India","Ahmednagar-Thane Road , Malshej Ghat, Maharashtra, India"
8930,2016-07-11 23:00:00,2016,7,193,India,IN,Nagaland,Nagaland,True,26.1699,94.4922,landslide,unknown,large,unknown,0.0,0.0,"North Point Colony, Akuluto, Nagaland, India","North Point Colony, Akuluto, Nagaland, India"
8935,2016-07-12 00:00:00,2016,7,194,India,IN,Goa,Goa,False,15.6019,73.8093,landslide,monsoon,small,unknown,0.0,0.0,"Gaunsawaddo, Mapusa, Goa, India","Gaunsawaddo, Mapusa, Goa, India"
8998,2016-07-13 23:00:00,2016,7,195,India,IN,Uttar Pradesh,Uttar Pradesh,False,26.3221,80.4703,mudslide,monsoon,medium,unknown,2.0,3.0,"Chandanpur village, Maharajpur, Kanpur, India","Chandanpur village, Maharajpur, Kanpur, India"
8996,2016-07-14 00:00:00,2016,7,196,India,IN,Assam,Assam,True,26.1768,91.7702,landslide,monsoon,small,natural_slope,1.0,0.0,"Pub Sarania hill, South Sarania, Guwahati, Assam, India","Pub Sarania hill, South Sarania, Guwahati, Assam, India"
8995,2016-07-14 00:00:00,2016,7,196,India,IN,Assam,Assam,True,26.1963,91.8074,landslide,monsoon,small,unknown,1.0,0.0,"Noonmati Nijarapar area of the city, Guwahati, Assam, India","Noonmati Nijarapar area of the city, Guwahati, Assam, India"
9008,2016-07-16 00:00:00,2016,7,198,India,IN,Uttarakhand,Uttarakhand,False,30.3351,78.5113,rock_fall,rain,small,unknown,0.0,0.0,"Mathyali village, Jakhnidhar, Uttarakhand, India","Mathyali village, Jakhnidhar, Uttarakhand, India"
9010,2016-07-16 00:00:00,2016,7,198,India,IN,Arunachal Pradesh,Arunachal Pradesh,True,27.3034,93.804,mudslide,downpour,medium,above_road,1.0,0.0,"Hoj-Potin Highway, Arunachal Pradesh, India","Hoj-Potin Highway, Arunachal Pradesh, India"
9002,2016-07-16 15:00:00,2016,7,198,India,IN,Uttarakhand,Uttarakhand,False,30.4554,78.0973,debris_flow,downpour,medium,above_road,0.0,0.0,"Mussoorie-Tehri bypass, near Landour, Uttarakhand, India","Mussoorie-Tehri bypass, near Landour, Uttarakhand, India"
9006,2016-07-16 15:00:00,2016,7,198,India,IN,Karnataka,Karnataka,False,12.8962,74.8859,landslide,construction,small,above_road,0.0,0.0,"Kulashekara-Konguru Mutt Road (Kongoor Mutt Road) near Mangaluru Junction-Panambur Railway line, near Mangaluru, India","Kulashekara-Konguru Mutt Road (Kongoor Mutt Road) near Mangaluru Junction-Panambur Railway line, near Mangaluru, India"
9017,2016-07-17 00:00:00,2016,7,199,India,IN,Uttarakhand,Uttarakhand,False,30.1642,78.2936,landslide,downpour,medium,above_road,4.0,0.0,"Narendranagar bypass on the Rishikesh-Gangotri national highway,Tehri Garhwal district, Uttarakhand, India","Narendranagar bypass on the Rishikesh-Gangotri national highway,Tehri Garhwal district, Uttarakhand, India"
9048,2016-07-17 00:00:00,2016,7,199,India,IN,Himachal Pradesh,Himachal Pradesh,False,31.5007,78.1758,landslide,unknown,small,above_road,1.0,0.0,"Karcham, Himachal Pradesh, India","Karcham, Himachal Pradesh, India"
9020,2016-07-17 09:00:00,2016,7,199,India,IN,Uttarakhand,Uttarakhand,False,29.9551,78.1677,mudslide,downpour,medium,above_road,0.0,0.0,"Railway tunnel a few kilometres from the Haridwar railway station, between Haridwar and Dehradun, Uttarakhand, India","Railway tunnel a few kilometres from the Haridwar railway station, between Haridwar and Dehradun, Uttarakhand, India"
9166,2016-07-18 00:00:00,2016,7,200,India,IN,Uttarakhand,Uttarakhand,False,30.7313,78.4358,rock_fall,rain,medium,above_road,,,"Gangotri Highway near Helgugad, Uttarkashi, Uttarakhand, India","Gangotri Highway near Helgugad, Uttarkashi, Uttarakhand, India"
9124,2016-07-19 00:00:00,2016,7,201,India,IN,Meghalaya,Meghalaya,True,25.203,90.5573,translational_slide,continuous_rain,large,natural_slope,0.0,0.0,"Rongthragittim Songittal village, near Sibbari, South Garo Hills District, Meghalaya, India","Rongthragittim Songittal village, near Sibbari, South Garo Hills District, Meghalaya, India"
9087,2016-07-19 00:00:00,2016,7,201,India,IN,Arunachal Pradesh,Arunachal Pradesh,True,28.235,94.9612,landslide,downpour,medium,above_road,0.0,0.0,"5 km off Sangam point on Aalo- Pangin road, Arunachal Pradesh, India","5 km off Sangam point on Aalo- Pangin road, Arunachal Pradesh, India"
9051,2016-07-19 09:00:00,2016,7,201,India,IN,Meghalaya,Meghalaya,True,26.09748244,91.8744337,landslide,unknown,medium,natural_slope,0.0,1.0,"12th Mile area at Jorabat, Meghalaya, India","12th Mile area at Jorabat, Meghalaya, India"
9074,2016-07-20 00:00:00,2016,7,202,India,IN,West Bengal,West Bengal,False,27.1176,88.1069,landslide,downpour,large,natural_slope,3.0,0.0,"Rimbik, Darjeeling, West Bengal state, India","Rimbik, Darjeeling, West Bengal state, India"
9122,2016-07-20 00:00:00,2016,7,202,India,IN,Assam,Assam,True,26.1966,91.802,landslide,rain,medium,unknown,0.0,0.0,"Noonmati, Guwahati, Assam, India","Noonmati, Guwahati, Assam, India"
9138,2016-07-21 09:00:00,2016,7,203,India,IN,West Bengal,West Bengal,False,26.9015,88.4719,landslide,rain,medium,above_road,0.0,0.0,"NH 10 between Coronation Bridge and Sevoke Kalibari, West Bengal, India","NH 10 between Coronation Bridge and Sevoke Kalibari, West Bengal, India"
9178,2016-07-23 23:00:00,2016,7,205,India,IN,Andhra Pradesh,Andhra Pradesh,False,16.0781,78.8743,rock_fall,downpour,medium,above_road,0.0,0.0,"road leading to Patala Ganga and the ropeway in Srisailam, Andhra Pradesh, India","road leading to Patala Ganga and the ropeway in Srisailam, Andhra Pradesh, India"
9186,2016-07-25 12:30:00,2016,7,207,India,IN,Manipur,Manipur,True,25.48,94.1383,landslide,continuous_rain,medium,above_road,0.0,1.0,"Imphal-Dimapur road  in Tadubi, Senapati district, Manipur, India","Imphal-Dimapur road  in Tadubi, Senapati district, Manipur, India"
9219,2016-07-26 23:00:00,2016,7,208,India,IN,Nagaland,Nagaland,True,26.0101,94.5282,landslide,downpour,medium,retaining_wall,0.0,0.0,"Zunheboto, Nagaland, India","Zunheboto, Nagaland, India"
9220,2016-07-26 23:00:00,2016,7,208,India,IN,West Bengal,West Bengal,False,27.1027,88.1218,landslide,downpour,unknown,unknown,0.0,0.0,"Finchaytaar, Lodhoma, Darjeeling, India","Finchaytaar, Lodhoma, Darjeeling, India"
9216,2016-07-26 23:00:00,2016,7,208,India,IN,Himachal Pradesh,Himachal Pradesh,False,30.6935,77.4266,rock_fall,downpour,large,unknown,2.0,2.0,"Jwagdhar village, Sangrah, Sirmaur district, Himachal Pradesh, India","Jwagdhar village, Sangrah, Sirmaur district, Himachal Pradesh, India"
9252,2016-07-28 00:00:00,2016,7,210,India,IN,Arunachal Pradesh,Arunachal Pradesh,True,27.5748,91.8644,landslide,monsoon,medium,unknown,0.0,0.0,"Dolma Lhakang complex, Lumla, Tawang,  Arunachal Pradesh, India","Dolma Lhakang complex, Lumla, Tawang,  Arunachal Pradesh, India"
9251,2016-07-28 23:00:00,2016,7,210,India,IN,Nagaland,Nagaland,True,25.8702,94.7844,landslide,downpour,medium,retaining_wall,0.0,0.0,"Government Middle School (GMS) Kiphire station “B”, Kiphire, Nagaland, India","Government Middle School (GMS) Kiphire station “B”, Kiphire, Nagaland, India"
9232,2016-07-28 23:00:00,2016,7,210,India,IN,Mizoram,Mizoram,True,23.5397,93.3783,landslide,continuous_rain,medium,unknown,2.0,6.0,"Ngur, near Mizoram-Myanmar border, India","Ngur, near Mizoram-Myanmar border, India"
9266,2016-07-31 00:00:00,2016,7,213,India,IN,Uttar Pradesh,Uttar Pradesh,False,25.4941,82.5725,landslide,rain,small,above_road,0.0,0.0,"NH 5 near Rampur, Uttar Pradesh, India","NH 5 near Rampur, Uttar Pradesh, India"
9258,2016-07-31 00:00:00,2016,7,213,India,IN,Uttarakhand,Uttarakhand,False,30.9753,78.4375,landslide,continuous_rain,medium,above_road,0.0,5.0,"Janki Chatti, Uttarakhand, India","Janki Chatti, Uttarakhand, India"
9257,2016-07-31 11:00:00,2016,7,213,India,IN,Maharashtra,Maharashtra,False,19.1869,73.02,mudslide,downpour,medium,above_road,0.0,0.0,"Parsik/ Nutan Tunnel on Central rail, near Diva, Mumbai, India","Parsik/ Nutan Tunnel on Central rail, near Diva, Mumbai, India"
9264,2016-07-31 23:00:00,2016,7,213,India,IN,Himachal Pradesh,Himachal Pradesh,False,31.6865,77.1043,landslide,rain,medium,above_road,0.0,2.0,"Hanogi on the Mandi-Kullu National Highway (NH-21), Himachal Pradesh, India","Hanogi on the Mandi-Kullu National Highway (NH-21), Himachal Pradesh, India"
9356,2016-08-02 22:30:00,2016,8,215,India,IN,Maharashtra,Maharashtra,False,19.3421,73.7735,rock_fall,monsoon,medium,above_road,0.0,0.0,"Malshej ghat, Maharashtra, India","Malshej ghat, Maharashtra, India"
9415,2016-08-03 09:00:00,2016,8,216,India,IN,Maharashtra,Maharashtra,False,18.3978,73.5086,landslide,downpour,medium,above_road,0.0,0.0,"Lavasa near Ekaant Hotel Resort in Davse, Pune District, India","Lavasa near Ekaant Hotel Resort in Davse, Pune District, India"
9449,2016-08-04 00:00:00,2016,8,217,India,IN,Uttarakhand,Uttarakhand,False,30.7386,79.4954,debris_flow,continuous_rain,medium,above_road,0.0,0.0,Valley of Flowers near Badrinath,Valley of Flowers near Badrinath
9464,2016-08-05 00:00:00,2016,8,218,India,IN,Arunachal Pradesh,Arunachal Pradesh,True,27.5754,91.9754,landslide,downpour,medium,unknown,0.0,3.0,Babrang village under Jang circle in Tawang district,Babrang village under Jang circle in Tawang district
9447,2016-08-05 00:00:00,2016,8,218,India,IN,Kashmir,Jammu and Kashmir,False,33.0068,74.9455,landslide,downpour,medium,above_road,5.0,8.0,"Banganga-Ardhkuwari road, enroute to he cave shrine of Mata Vaishnodevi in Jammu and Kashmir’s Reasi district","Banganga-Ardhkuwari road, enroute to he cave shrine of Mata Vaishnodevi in Jammu and Kashmir’s Reasi district"
9448,2016-08-05 23:00:00,2016,8,218,India,IN,Uttarakhand,Uttarakhand,False,29.5866,80.2154,rock_fall,downpour,small,unknown,1.0,0.0,Bangapani area of Pithoragarh,Bangapani area of Pithoragarh
9468,2016-08-07 00:00:00,2016,8,220,India,IN,Kashmir,Jammu and Kashmir,False,33.2483,75.2131,landslide,downpour,medium,above_road,0.0,0.0,"Seri, Ramban","Seri, Ramban"
9478,2016-08-07 00:00:00,2016,8,220,India,IN,Kashmir,Jammu and Kashmir,False,32.4298,75.5807,landslide,continuous_rain,medium,above_road,0.0,0.0,Kathua,Kathua
9477,2016-08-07 00:00:00,2016,8,220,India,IN,Kashmir,Jammu and Kashmir,False,33.0716,74.839,landslide,continuous_rain,medium,above_road,0.0,0.0,Reasi,Reasi
9474,2016-08-07 00:00:00,2016,8,220,India,IN,Kashmir,Jammu and Kashmir,False,32.6987,75.0582,landslide,continuous_rain,medium,unknown,1.0,0.0,"Parmandal, Jammu","Parmandal, Jammu"
9476,2016-08-07 00:00:00,2016,8,220,India,IN,Kashmir,Jammu and Kashmir,False,33.1457,75.7964,landslide,continuous_rain,medium,above_road,0.0,0.0,Doda-Kishtwar road,Doda-Kishtwar road
9465,2016-08-07 00:00:00,2016,8,220,India,IN,Kashmir,Jammu and Kashmir,False,32.9834,75.6953,landslide,continuous_rain,medium,unknown,2.0,3.0,"Sheroora-Subardhar village,15 Km from Bhadarwah town","Sheroora-Subardhar village,15 Km from Bhadarwah town"
9475,2016-08-07 03:00:00,2016,8,220,India,IN,Kashmir,Jammu and Kashmir,False,32.9041,75.0911,landslide,continuous_rain,medium,above_road,0.0,0.0,Kheri near Udhampur,Kheri near Udhampur
9490,2016-08-29 23:00:00,2016,8,242,India,IN,Himachal Pradesh,Himachal Pradesh,False,31.5728,77.8561,rock_fall,continuous_rain,medium,above_road,0.0,0.0,NH-05 near Chaura village,NH-05 near Chaura village
9507,2016-10-03 11:00:00,2016,10,277,India,IN,Himachal Pradesh,Himachal Pradesh,False,30.8974,77.0588,landslide,construction,medium,above_road,0.0,0.0,"Chakki-Ka-Mor, about 10 km from Parwanoo","Chakki-Ka-Mor, about 10 km from Parwanoo"
9630,2016-10-04 00:00:00,2016,10,278,India,IN,Uttarakhand,Uttarakhand,False,29.8521,80.553,rock_fall,unknown,medium,above_river,0.0,0.0,Mahakali river at Bangabagad,Mahakali river at Bangabagad
9584,2016-10-11 03:30:00,2016,10,285,India,IN,Karnataka,Karnataka,False,14.8009,74.118,landslide,downpour,medium,above_road,0.0,0.0,NH 66 at Mudaga,NH 66 at Mudaga
9604,2016-10-12 00:00:00,2016,10,286,India,IN,Sikkim,Sikkim,True,27.2676,88.2891,landslide,continuous_rain,medium,above_road,0.0,0.0,Legship,Legship
9587,2016-10-12 00:00:00,2016,10,286,India,IN,West Bengal,West Bengal,False,26.8692,88.4695,landslide,downpour,medium,below_road,0.0,0.0,between Siliguri and Sevak,between Siliguri and Sevak
9603,2016-10-12 00:00:00,2016,10,286,India,IN,West Bengal,West Bengal,False,26.8861,88.1704,landslide,downpour,medium,below_road,0.0,0.0,Mirik,Mirik
9620,2016-10-15 00:00:00,2016,10,289,India,IN,Sikkim,Sikkim,True,27.172,88.5292,landslide,downpour,medium,above_road,0.0,0.0,Rangpo,Rangpo
9617,2016-10-15 00:00:00,2016,10,289,India,IN,West Bengal,West Bengal,False,26.888,88.2796,landslide,unknown,medium,above_road,0.0,0.0,Zero near Kurseong,Zero near Kurseong
9618,2016-10-15 00:00:00,2016,10,289,India,IN,West Bengal,West Bengal,False,26.9343,88.4486,rock_fall,downpour,small,above_road,0.0,0.0,Kalijhora,Kalijhora
9619,2016-10-15 00:00:00,2016,10,289,India,IN,Sikkim,Sikkim,True,27.1695,88.3664,landslide,rain,medium,above_road,0.0,0.0,Namchi,Namchi
9638,2016-10-17 07:00:00,2016,10,291,India,IN,Telangana,Telangana,False,17.4655,78.4606,mudslide,construction,medium,mine,1.0,3.0,Ferozeguda,Ferozeguda
